userId,submitDate,createdAt,taskId,isChecked,comment
69818086f7c0b0206cb6e7aa,2026-01-27,2026-01-28T05:06:00.203Z,697b1e2cc01f188423ea7e10,true,"Next pattern"
69818086f7c0b0206cb6e7aa,2026-01-27,2026-01-28T05:06:00.203Z,697b1e2cc01f188423ea7e0f,true,"Nice work"
69818086f7c0b0206cb6e7aa,2026-01-27,2026-01-28T05:06:00.203Z,697b1e2cc01f188423ea7e13,false,"Its a good UX suggestion but we dont have enough time to implement this and test. We will discuss in person"
69818086f7c0b0206cb6e7aa,2026-01-27,2026-01-28T05:06:00.203Z,697b1e2cc01f188423ea7e18,true,"Good working"
69818086f7c0b0206cb6e7aa,2026-01-27,2026-01-28T05:06:00.203Z,697b1e2cc01f188423ea7e16,true,"Fixed work"
69818086f7c0b0206cb6e7aa,2026-01-28,2026-01-29T05:06:00.203Z,697b1e2cc01f188423ea7e10,true,"Next pattern"
69818086f7c0b0206cb6e7aa,2026-01-28,2026-01-29T05:06:00.203Z,697b1e2cc01f188423ea7e0f,true,"Nice work"
69818086f7c0b0206cb6e7aa,2026-01-28,2026-01-29T05:06:00.203Z,697b1e2cc01f188423ea7e13,false,"Its a good UX suggestion but we dont have enough time to implement this and test. We will discuss in person"
69818086f7c0b0206cb6e7aa,2026-01-28,2026-01-29T05:06:00.203Z,697b1e2cc01f188423ea7e18,true,"Good working"
69818086f7c0b0206cb6e7aa,2026-01-28,2026-01-29T05:06:00.203Z,697b1e2cc01f188423ea7e16,true,"Fixed work"
697b4587cb49ac60fcc81a53,2026-01-29,2026-01-30T05:09:31.591Z,697b1e3bc671c89acb64125a,true,"Test"
697b4587cb49ac60fcc81a53,2026-01-29,2026-01-30T05:09:31.591Z,697b1e3bc671c89acb64125d,true,"Test222"
697c92ca32312d496289807b,2026-01-29,2026-01-30T12:39:26.845Z,697b1e3bc671c89acb64125a,true,"Chetan Testingggggg"
697c92ca32312d496289807b,2026-01-29,2026-01-30T12:39:26.845Z,697b1e3bc671c89acb64125b,false,"aaaaaaaaaaaaaaaaaaaaaaaaaaaaaaaaaaaaaaaaaaaaaaaaaaaaaaaaaaaaaaaaaaaaaaaaaaaaaaaaaaaaaaaaaaaaaaaaaaaaaaaaaaaaaaaaaaaaaaaaaaaaaaaaaaaaaaaaaaaaaaaaaaaaaaaaaaaaaaaaaaaaaaaaaaaaaaaaaaaaaaaaaaaaaaaaaaaaaaaaaaaaaaaaaaaaaaaaaaaaaaaaaaaaaaaaaaaaaaaaaaaaaaaaaaaaaaaaaaaaaaaaaaaaaaaaaaa11111"
697c92ca32312d496289807b,2026-01-29,2026-01-30T12:39:26.845Z,697b1e3bc671c89acb64125c,false,"Chetan Test 3"
697c92ca32312d496289807b,2026-01-29,2026-01-30T12:39:26.845Z,697b1e3bc671c89acb641263,true,"asdfbsdk"
697f70cc24f27d5fc87eb067,2026-01-31,2026-02-01T15:28:34.155Z,697b1e3bc671c89acb64125a,true,"Good"
697f70cc24f27d5fc87eb067,2026-01-31,2026-02-01T15:28:34.155Z,697b1e3bc671c89acb641264,true,"This is done"
697f70cc24f27d5fc87eb067,2026-01-31,2026-02-01T15:28:34.155Z,697b1e3bc671c89acb64125c,false,"Not adding anything"
697f729286a5f75fe276dfdc,2026-01-31,2026-02-01T15:36:01.962Z,697b1e3bc671c89acb64125a,true,"Good fantastic"
697f70cc24f27d5fc87eb067,2026-02-01,2026-02-01T18:34:20.221Z,697b1e3bc671c89acb64125a,true,"Good going"
697f70cc24f27d5fc87eb067,2026-02-01,2026-02-01T18:34:20.221Z,697b1e3bc671c89acb64125b,true,"Nicely work"
69818086f7c0b0206cb6e7aa,2026-02-02,2026-02-03T05:06:00.203Z,697b1e2cc01f188423ea7e10,true,"Next pattern"
69818086f7c0b0206cb6e7aa,2026-02-02,2026-02-03T05:06:00.203Z,697b1e2cc01f188423ea7e0f,true,"Nice work"
69818086f7c0b0206cb6e7aa,2026-02-02,2026-02-03T05:06:00.203Z,697b1e2cc01f188423ea7e13,false,"Its a good UX suggestion but we dont have enough time to implement this and test. We will discuss in person"
69818086f7c0b0206cb6e7aa,2026-02-02,2026-02-03T05:06:00.203Z,697b1e2cc01f188423ea7e18,true,"Good working"
69818086f7c0b0206cb6e7aa,2026-02-02,2026-02-03T05:06:00.203Z,697b1e2cc01f188423ea7e16,true,"Fixed work all of them"
696dc548c6f1e9689723af89,2026-02-02,2026-02-03T10:14:59.036Z,697b1e2cc01f188423ea7e12,false,"PTA Meeting"
696ddd09c6f1e9689723f2b4,2026-02-02,2026-02-03T10:15:01.089Z,697b1e2cc01f188423ea7e0f,false,"विद्यार्थी अनुपस्थित होता"
696ddd09c6f1e9689723f2b4,2026-02-02,2026-02-03T10:15:01.089Z,697b1e2cc01f188423ea7e1a,true,"कौतुक केल्यास विद्यार्थ्यांची अध्यापनातील रुची वाढते"
69724cdb5dab9a102eb56a2a,2026-02-03,2026-02-04T05:43:03.747Z,697b1e2cc01f188423ea7e1a,true,"विद्यार्थी शिकवलेला घटक वाचत आहेत. शिकवलेल्या घटकावर चिंतन मनन करत आहे हे लक्षात आले. त्या घटकावर आधारित प्रश्नोत्तरे  देण्याचा प्रयत्न करत आहे"
69724cdb5dab9a102eb56a2a,2026-02-03,2026-02-04T05:43:03.747Z,697b1e2cc01f188423ea7e12,true,"विद्यार्थ्यांनी आधीच्या दिवशी पाठाचे वाचन केले होते. विषय शिक्षकांनी शिकवल्यामुळे तो घटक विद्यार्थ्यांच्या लगेच लक्षात आला."
6971d6885dab9a102eb17b8e,2026-02-03,2026-02-04T05:43:36.802Z,697b1e2cc01f188423ea7e19,true,"पूर्व अनुभव"
697ae9896864ae3d4877bd71,2026-02-03,2026-02-04T05:44:48.939Z,697b1e2cc01f188423ea7e17,true,"शिकवताना अडचण येत होती त्याबद्दल वरिष्ठ शिक्षकाचे मार्गदर्शन घेतले"
6971b04002a5477746025f87,2026-02-03,2026-02-04T05:50:00.768Z,697b1e2cc01f188423ea7e0f,true,"आज एका विद्यार्थ्याचे निरीक्षण करताना एक विशेष बाब लक्षात आली की शालेय वातावरणाचा परिणाम विद्यार्थ्यावर होत आहे"
6971b04002a5477746025f87,2026-02-03,2026-02-04T05:50:00.768Z,697b1e2cc01f188423ea7e10,true,"या विद्यार्थ्याच्या वर्तनात बदलाची अपेक्षा होती तो बदल हळूहळू होत आहे.  पुढे येऊन फलक लेखनासाठी भीती वाटत होती थोड्या प्रमाणात कमी झाली आहे."
6971b04002a5477746025f87,2026-02-03,2026-02-04T05:50:00.768Z,697b1e2cc01f188423ea7e13,true,"विद्यार्थ्याचे तासाच्या शेवटी आत्मपरीक्षण करायला सांगितले असता 35 मिनिटांमध्ये जे काही आत्मसात केले आहे ते लेखन स्वरूपात  लिहिण्याचा प्रयत्न केला."
6971b04002a5477746025f87,2026-02-03,2026-02-04T05:50:00.768Z,697b1e2cc01f188423ea7e1a,true,"लेखन तपासून पाहिले असता त्यात व्याकरणदृष्ट्या चुका होत्या पण त्या चुका त्याच्या निरीक्षणास आल्यामुळे त्याने दुरुस्त करून सांगितल्या. यासाठी त्याला मी शाब्दिक शाब्बासकी दिली."
69708fd34f32384a3ca50f55,2026-02-03,2026-02-04T05:51:37.352Z,697b1e2cc01f188423ea7e1a,false,"एन ए पी प्रशिक्षणामुळे आज वर्गातच जाता आले नाही"
696ddca8c6f1e9689723efd3,2026-02-03,2026-02-04T11:51:48.976Z,697b1e2cc01f188423ea7e0f,true,"देवेश देशपांडे"
696ddca8c6f1e9689723efd3,2026-02-03,2026-02-04T11:51:48.976Z,697b1e2cc01f188423ea7e12,true,"फुग्याला काय वाटले असेल..."
696ddca8c6f1e9689723efd3,2026-02-03,2026-02-04T11:51:48.976Z,697b1e2cc01f188423ea7e15,true,"इंग्रजी good at..... उजळणी"
6971e5305dab9a102eb1f2c8,2026-02-03,2026-02-04T13:05:22.197Z,697b1e2cc01f188423ea7e0f,true,"सर्वेश मोरे इ. ६ वी यलो"
6971e5305dab9a102eb1f2c8,2026-02-03,2026-02-04T13:05:22.197Z,697b1e2cc01f188423ea7e11,true,"ओला कचरा आणि सुका कचरा वेगळा करण्याचे उदाहरण"
6971e5305dab9a102eb1f2c8,2026-02-03,2026-02-04T13:05:22.197Z,697b1e2cc01f188423ea7e15,true,"प्राचीन लोकांच्या आहाराविषयी माहिती"
696ddd557c028268c457df57,2026-02-03,2026-02-04T14:47:59.079Z,697b1e2cc01f188423ea7e0f,true,"आज वरद या विद्यार्थ्यांचे निरीक्षण केले एका जागी खूप वेळ तो बसू शकत नाही सतत काही सांगण्यासाठी पुढे येत असतो ऐकताना समजले आहे असा पुढे येऊन देतो."
696ddd557c028268c457df57,2026-02-03,2026-02-04T14:47:59.079Z,697b1e2cc01f188423ea7e1a,true,"व्यवसाय शिक्षण अंतर्गत सांगितलेल्या कृती उत्तम केल्याबद्दल कौतुक केले त्यामुळे आणखी उत्तम रीतीने पुढची कृती करण्यासाठी विद्यार्थी तयार झाले त्याबद्दल आनंद व्यक्त केला. पालकांचा प्रतिसाद विचारला."
696ddd557c028268c457df57,2026-02-03,2026-02-04T14:47:59.079Z,697b1e2cc01f188423ea7e12,true,"रांगोळी विषयी कृती करून घेताना रांगोळी  प्लास्टिक शीटला चिटकवण्यासाठी फेविकॉलचा वापर करण्याऐवजी  इतर गोष्टींचा वापर करावा असे तुम्हाला का वाटते."
696ddd557c028268c457df57,2026-02-03,2026-02-04T14:47:59.079Z,697b1e2cc01f188423ea7e17,true,"व्यवसाय शिक्षण प्रकल्पाविषयी मुलांनी दिलेला प्रतिसाद किती छान होता याविषयी सहकार्यांबरोबर संवाद साधला."
696dc548c6f1e9689723af89,2026-02-04,2026-02-05T07:25:30.337Z,697b1e2cc01f188423ea7e16,false,"test"
696ddc8e7c028268c457d8a1,2026-02-04,2026-02-05T09:28:33.214Z,697b1e2cc01f188423ea7e0f,true,"तलहा बागवान हा विद्यार्थी, सतत जागेवरून उठत होता. दहा  मिनिटापेक्षा जास्त तो एका जागेवर शांत बसत नाही"
696ddc8e7c028268c457d8a1,2026-02-04,2026-02-05T09:28:33.214Z,697b1e2cc01f188423ea7e15,true,"चित्र वर्णन घेतले"
696ddc8e7c028268c457d8a1,2026-02-04,2026-02-05T09:28:33.214Z,697b1e2cc01f188423ea7e17,true,"एक मुलगा वर्गामध्ये वाईट बोलतो त्याविषयी सहकाऱ्यांशी चर्चा केली"
6971e5305dab9a102eb1f2c8,2026-02-04,2026-02-05T10:05:13.264Z,697b1e2cc01f188423ea7e0f,true,"जास्त वेळ एका गोष्टीकडे मन स्थिर नाही."
6971e5305dab9a102eb1f2c8,2026-02-04,2026-02-05T10:05:13.264Z,697b1e2cc01f188423ea7e11,true,"आजी आजोबांच्या पोशाखाविषयी माहिती"
6971e5305dab9a102eb1f2c8,2026-02-04,2026-02-05T10:05:13.264Z,697b1e2cc01f188423ea7e15,true,"प्राचीन भारतातील लोकजीवन"
6971fe42ab8e501024772ff7,2026-02-04,2026-02-05T10:21:08.445Z,697b1e2cc01f188423ea7e0f,true,"आज सातवी मधील मुलाचे निरीक्षण केले...थोडे वेगळे काम त्याला सांगितले...त्याचा छान प्रतिसाद मिळाला.."
6971fe42ab8e501024772ff7,2026-02-04,2026-02-05T10:21:08.445Z,697b1e2cc01f188423ea7e1a,true,"त्याला छान दाद दिली ...very nice mnhun ... तो खूप खुश झाला...शिकण्यात त्याला आनंद वाटला..."
6971fe42ab8e501024772ff7,2026-02-04,2026-02-05T10:21:08.445Z,697b1e2cc01f188423ea7e13,true,"मुलांचा आनंद बघून छान वाटले...समाधानी वाटले.."
6971a77c2edad4557d61a602,2026-02-04,2026-02-05T10:30:47.718Z,697b1e2cc01f188423ea7e17,true,"दुर्लक्ष करणाऱ्या मुलांसदर्भात चर्चा केली व उपायांसदर्भात बोलणे झाले."
6971a77c2edad4557d61a602,2026-02-04,2026-02-05T10:30:47.718Z,697b1e2cc01f188423ea7e19,true,"शिक्षकाच्या स्पष्टीकरण पद्धती मुळे पाठ समजला असे मुलींनी सांगितले ."
6971a77c2edad4557d61a602,2026-02-04,2026-02-05T10:30:47.718Z,697b1e2cc01f188423ea7e1a,true,"My student Mahi asked a doubt about an article 'a' brfore word people.I explained and praised her."
696ddce5c6f1e9689723f17f,2026-02-04,2026-02-05T11:02:07.083Z,697b1e2cc01f188423ea7e15,true,"पाठावर आधारित स्वमत प्रश्न लिहण्यास दिला त्यावर त्यानी त्त्याना आकलन झालेल्या संकल्पनेवर उत्तर लिहले ."
696ddce5c6f1e9689723f17f,2026-02-04,2026-02-05T11:02:07.083Z,697b1e2cc01f188423ea7e11,true,"कवितेवर आधारित सैनिकांचे वर्णन सांगितले"
69708fd34f32384a3ca50f55,2026-02-04,2026-02-05T11:02:51.816Z,697b1e2cc01f188423ea7e1a,true,"वर्गातील सर्व विद्यार्थ्यांनी व्याख्या त्यांच्या शब्दात सांगण्याचा प्रयत्न केला विशेष करून कधीच उत्तर न देणाऱ्या एका विद्यार्थिनीने योग्य शब्दात व्याख्या सांगितली"
69708fd34f32384a3ca50f55,2026-02-04,2026-02-05T11:02:51.816Z,697b1e2cc01f188423ea7e13,true,"संपूर्ण तासिकेच्या वेळेत विद्यार्थी एकाग्रचिताने अध्ययन प्रक्रियेमध्ये सहभागी झाले"
69708fd34f32384a3ca50f55,2026-02-04,2026-02-05T11:02:51.816Z,697b1e2cc01f188423ea7e0f,true,"अनन्या अभ्यंकर अभ्यास करण्यासाठी प्रयत्न करत आहे लक्षात ठेवण्यासाठी विशेष प्रयत्न करताना दिसत आहे"
6971fe145dab9a102eb2bfa5,2026-02-04,2026-02-05T11:47:13.126Z,697b1e2cc01f188423ea7e0f,true,"आज वर्गात हमजा या मुलाचे निरीक्षण करताना जाणवले की तो दररोज वर्गात मी शिकवताना स्थिर बसत नाही पण आज तो शांत व स्थिर बसून ऐकत होता व प्रश्नाचे उत्तर देत होता."
6971fe145dab9a102eb2bfa5,2026-02-04,2026-02-05T11:47:13.126Z,697b1e2cc01f188423ea7e13,true,"आज नियोजनानुसार  प्रश्न उत्तरे मुलांना विचारली व सर्व मुलांनी त्याला  छान प्रतिसाद दिला."
6971fe145dab9a102eb2bfa5,2026-02-04,2026-02-05T11:47:13.126Z,697b1e2cc01f188423ea7e17,true,"आज वर्गात मुलांकडून प्रश्न उत्तरांच्या तासाला मिळालेल्या प्रतिसादाबद्दल  सहकारी शिक्षकांशी चर्चा केली."
6971fe145dab9a102eb2bfa5,2026-02-04,2026-02-05T11:47:13.126Z,697b1e2cc01f188423ea7e18,false,"मी आज पालकांशी संवाद साधू शकले नाही."
6971fe145dab9a102eb2bfa5,2026-02-04,2026-02-05T11:47:13.126Z,697b1e2cc01f188423ea7e1a,true,"आज हमजा कडून मिळालेली सर्व उत्तरे बरोबर होती व तो पहिल्यांदाच इतका आत्मविश्वासाने बोलला म्हणून त्याला शाबासकी दिली."
696ddcab7c028268c457d9a6,2026-02-04,2026-02-05T12:39:08.342Z,697b1e2cc01f188423ea7e0f,true,"कुमार दोडके या विद्यार्थ्याचे निरीक्षण केले आत्मविश्वास जास्त असून सुद्धा गणिती क्रिया चुकतात असे लक्षात आले"
696ddcab7c028268c457d9a6,2026-02-04,2026-02-05T12:39:08.342Z,697b1e2cc01f188423ea7e10,true,"त्याला काही सोपी उदाहरणे देऊन पाहिली आणि एका मित्राला त्याला मदत करण्यास सांगितली"
696ddcab7c028268c457d9a6,2026-02-04,2026-02-05T12:39:08.342Z,697b1e2cc01f188423ea7e11,true,"सोपी उदाहरणे स्वतः तयार करून सोडवण्यास सांगितले"
696ddcab7c028268c457d9a6,2026-02-04,2026-02-05T12:39:08.342Z,697b1e2cc01f188423ea7e12,true,"गुणाकारामध्ये एकक स्थानी कोणता अंक का लिहायचा आणि कसा लिहायचा याबद्दल त्याला विचारले"
696ddcab7c028268c457d9a6,2026-02-04,2026-02-05T12:39:08.342Z,697b1e2cc01f188423ea7e15,true,"सरळव्याजासंबंधीच्या उदाहरणांमध्ये भागाकार कसा करायचा समीकरणाच्या पद्धतीने उदाहरण कसे सोडवायचे हे विद्यार्थ्यांनी बिनचूक सांगितले"
696ddcab7c028268c457d9a6,2026-02-04,2026-02-05T12:39:08.342Z,697b1e2cc01f188423ea7e1a,true,"विद्यार्थ्यांनी बिनचूक सांगितलेल्या उत्तराबद्दल त्यांचे कौतुक केले आणि तास कसा वाटला याबद्दल प्रतिसाद विद्यार्थ्यांकडून घेतला सकारात्मक प्रतिसाद मिळाला"
696de1e7c6f1e96897241a2a,2026-02-04,2026-02-05T13:15:07.137Z,697b1e2cc01f188423ea7e13,true,"Gene, DNA, chromosome या संज्ञांमध्ये विद्यार्थ्यांचा गोंधळ होतो . पण आज या संकल्पना स्पष्टपणे सोप्या पद्धतीने समजून सांगता आल्या .विद्यार्थ्यांच्या चेहऱ्यावर समजल्याचे भाव स्पष्ट दिसत होते . सर्व विद्यार्थ्यांना समजले आहे का हे तपासता आले नाही .प्रोजेक्टरचा वापर करता आला नाही ."
696de1e7c6f1e96897241a2a,2026-02-04,2026-02-05T13:15:07.137Z,697b1e2cc01f188423ea7e1a,true,"विद्यार्थ्यांनी अचूक व सुबक ग्राफ काढले होते .त्यांना शाब्बासकी दिली . त्यांच्या वह्या इतर विद्यार्थ्यांना दाखविल्या .त्यांनाही अचूक ग्राफ काढण्यासाठी प्रेरित केले ."
696de1e7c6f1e96897241a2a,2026-02-04,2026-02-05T13:15:07.137Z,697b1e2cc01f188423ea7e17,true,"विद्यार्थ्यांनी chapter चे  बारकाईने वाचन केले व  मलाही विचार  करावे लागणारे प्रश्न विचारले ."
696ddc927c028268c457d8b1,2026-02-04,2026-02-05T14:16:11.341Z,697b1e2cc01f188423ea7e12,false,"आज पूर्ण दिवस शास्त्रीय संगीत स्पर्धेसाठी शाळेतील मुलांबरोबर डी.ई.एस. शाळेत होते."
697210c6ab8e50102477b348,2026-02-04,2026-02-05T16:54:36.516Z,697b1e2cc01f188423ea7e15,true,"इयत्ता नववी-  पाठ- नागरीकरण - विद्यार्थ्यांनी   नागरीकरणाची कारणे  सांगून  रोजच्या जीवनातील उदाहरणे देऊन स्वतःच्या शब्दात स्पष्ट केले ."
697210c6ab8e50102477b348,2026-02-04,2026-02-05T16:54:36.516Z,697b1e2cc01f188423ea7e17,true,"इयत्ता नववी - पाठ - नागरिकरण - विद्यार्थ्यांनी स्वतः पाठ्यपुस्तकातील कारणांव्यतिरिक्त रोजच्या जीवनातील  इतर काढणे शोधून त्यामुळे  निर्माण होणाऱ्या समस्या गटांमध्ये चर्चा करून रोजच्या जीवनातील उदाहरणे देऊन सांगितले"
697210c6ab8e50102477b348,2026-02-04,2026-02-05T16:54:36.516Z,697b1e2cc01f188423ea7e19,true,"आजचा धडा गटचर्चा करून गटांनी सादरीकरण केल्यामुळे आत्मविश्वास निर्माण झाला .मित्रांचे सहकार्य , मदत, विचारांची देवाणघेवाण झाल्यामुळे धडा समजून घेण्यास मदत झाली"
6971b08d02a5477746026172,2026-02-04,2026-02-05T18:22:23.325Z,697b1e2cc01f188423ea7e19,true,"Verious examples from  students and explanation by teachers"
69724cdb5dab9a102eb56a2a,2026-02-05,2026-02-05T18:30:07.049Z,697b1e2cc01f188423ea7e1a,false,"काल विद्यार्थ्यांनी सांगितलेला भाग वाचलेला होता. त्यामुळे विद्यार्थ्यांना उत्तरे देताना  आत्मविश्वास वाटत होता."
69724cdb5dab9a102eb56a2a,2026-02-05,2026-02-05T18:30:07.049Z,697b1e2cc01f188423ea7e12,false,"पाठ शिकवताना  मॅडम प्रश्न विचारताt असे मुलांना माहीत असल्यामुळे मुले लक्षपूर्वक सांगितलेलं भाग ऐकत होती व प्रश्नाचे उत्तर देण्याचा प्रयत्न करत होती"
6971fd77ab8e501024772b23,2026-02-05,2026-02-06T03:41:30.636Z,697b1e2cc01f188423ea7e0f,true,"तो छान ऐकतो, म्हणतो प्रतिसाद देतो. आज मी जे shik"
6971fd77ab8e501024772b23,2026-02-05,2026-02-06T03:41:30.636Z,697b1e2cc01f188423ea7e13,false,"आज जे मुलांना मी शिकवले ते त्यांना छान समजले."
6971fd77ab8e501024772b23,2026-02-05,2026-02-06T03:41:30.636Z,697b1e2cc01f188423ea7e18,true,"मी पालकांना सांगितले तो लिहितो छान पण तोंडी अभ्यास थोडा कमी पडतो"
6971fd77ab8e501024772b23,2026-02-05,2026-02-06T03:41:30.636Z,697b1e2cc01f188423ea7e1a,true,"चांगल्या पद्धतीने अभ्यास केला"
6971e5305dab9a102eb1f2c8,2026-02-05,2026-02-06T10:22:55.066Z,697b1e2cc01f188423ea7e0f,true,"नियमित जागेवर बसण्याच्या ऐवजी आज दुसरीकडे बसला.  बसताना एक पाय बाकाच्या बाहेर काढलेला होता."
6971e5305dab9a102eb1f2c8,2026-02-05,2026-02-06T10:22:55.066Z,697b1e2cc01f188423ea7e11,true,"विद्यार्थ्यांनी शाळेमध्ये कोणती कर्तव्ये पार पाडावीत याचे उदाहरण दिले दिले."
6971e5305dab9a102eb1f2c8,2026-02-05,2026-02-06T10:22:55.066Z,697b1e2cc01f188423ea7e15,true,"जिल्हाधिकाऱ्यांची कामे कोणती"
6972077a5dab9a102eb3014c,2026-02-05,2026-02-06T12:18:05.945Z,697b1e2cc01f188423ea7e0f,true,"एक विद्यार्थी बेंचवर  बसल्यावर सतत चुळबूळ  करत असतो."
6972077a5dab9a102eb3014c,2026-02-05,2026-02-06T12:18:05.945Z,697b1e2cc01f188423ea7e1a,true,"एका विद्यार्थ्याची चित्रकला चांगली आहे. त्याचे आज सर्व वर्गासमोर कौतुक केले."
6971fb855dab9a102eb2b271,2026-02-05,2026-02-06T13:43:09.282Z,697b1e2cc01f188423ea7e11,false,"एसएससी बोर्डाच्या तोंडी परीक्षा असल्याने वर्ग घेता आले नाही."
6971fb855dab9a102eb2b271,2026-02-05,2026-02-06T13:43:09.282Z,697b1e2cc01f188423ea7e13,false,"एसएससी बोर्डाच्या तोंडी परीक्षा असल्याने वर्ग घेता आले नाही."
6971fb855dab9a102eb2b271,2026-02-05,2026-02-06T13:43:09.282Z,697b1e2cc01f188423ea7e15,false,"एसएससी बोर्डाच्या तोंडी परीक्षा असल्याने वर्ग घेता आले नाही."
696ddcab7c028268c457d9a6,2026-02-05,2026-02-06T14:09:31.768Z,697b1e2cc01f188423ea7e0f,true,"अद्वैत बिराजदार  सातवी तुकडी अ या विद्यार्थ्याचे आज निरीक्षण केले. हा विद्यार्थी अतिशय विचारपूर्वक उत्तर देतो परंतु यासाठी त्याला इतर विद्यार्थ्यांपेक्षा थोडा जास्त वेळ लागतो."
696ddcab7c028268c457d9a6,2026-02-05,2026-02-06T14:09:31.768Z,697b1e2cc01f188423ea7e10,true,"श्रुतिका पोळ या विद्यार्थिनीला शांभवी लोखंडे या विद्यार्थिनी सोबत गणितातील एक घटक समजून घेण्यास सांगितले तिला हा घटक लवकर समजला."
696ddcab7c028268c457d9a6,2026-02-05,2026-02-06T14:09:31.768Z,697b1e2cc01f188423ea7e11,true,"वर्ग विस्ताराचे सूत्र शिकवताना विद्यार्थ्यांना मोठ्या संख्यांचे वर्ग काढताना हे सूत्र कसे वापरता येते हे शिकवले."
696ddcab7c028268c457d9a6,2026-02-05,2026-02-06T14:09:31.768Z,697b1e2cc01f188423ea7e12,true,"वर्ग विस्ताराचे सूत्र गुणाकार या क्रियेने कसे मिळाले हे विद्यार्थ्यांना शोधायला लावले"
696ddcab7c028268c457d9a6,2026-02-05,2026-02-06T14:09:31.768Z,697b1e2cc01f188423ea7e15,true,"वर्ग विस्ताराच्या सूत्राची उजळणी घेऊन विद्यार्थ्यांना फळ्यावर काही उदाहरणे सोडवण्यासाठी सांगितली विद्यार्थ्यांनी स्पष्टीकरण देत देत ही उदाहरणे सोडवली"
696ddcab7c028268c457d9a6,2026-02-05,2026-02-06T14:09:31.768Z,697b1e2cc01f188423ea7e1a,true,"विद्यार्थ्यांनी मोठ्या संख्येचे वर्ग सुद्धा वर्ग विस्तार सूत्राचा उपयोग करून शोधले"
6971e5305dab9a102eb1f2c8,2026-02-06,2026-02-07T06:31:39.012Z,697b1e2cc01f188423ea7e0f,true,"आज दहा ते पंधरा मिनिटे डोकं बाकावर ठेवून बसलेला होता."
6971e5305dab9a102eb1f2c8,2026-02-06,2026-02-07T06:31:39.012Z,697b1e2cc01f188423ea7e11,true,"शाळेच्या शेजारील असलेल्या ओंकारेश्वर घाटाची माहिती"
6971e5305dab9a102eb1f2c8,2026-02-06,2026-02-07T06:31:39.012Z,697b1e2cc01f188423ea7e15,true,"मल्हारराव होळकरांच्या विषयी माहिती"
697236de5dab9a102eb4b9a4,2026-02-06,2026-02-07T06:43:06.987Z,697b1e2cc01f188423ea7e19,true,"चित्रांमुळे"
697236de5dab9a102eb4b9a4,2026-02-06,2026-02-07T06:43:06.987Z,697b1e2cc01f188423ea7e0f,true,"वैयक्तिक विद्यार्थ्यांच्या विकासात सुधारणा करण्यास मदत झाली"
697236de5dab9a102eb4b9a4,2026-02-06,2026-02-07T06:43:06.987Z,697b1e2cc01f188423ea7e10,true,"सोपी उदाहरणे दिल्यामुळे आणि मित्रांसोबत काम केल्यामुळे कामातील आनंद वाढला"
6972077a5dab9a102eb3013d,2026-02-06,2026-02-07T07:13:12.746Z,697b1e2cc01f188423ea7e11,true,"पाठ्यपुस्तकातील उदाहरणे देण्याऐवजी विद्यार्थ्यांनी संख्यावाचक विशेषणांची दैनंदिन जीवनातील उदाहरणे सांगितली"
6972077a5dab9a102eb3014c,2026-02-06,2026-02-07T07:13:24.533Z,697b1e2cc01f188423ea7e0f,true,"विद्यार्थी एका जागी स्थिर बसत नाही."
6971b04002a5477746025f87,2026-02-06,2026-02-07T09:28:23.250Z,697b1e2cc01f188423ea7e0f,false,"झेडपी इलेक्शन असल्यामुळे शाळेत सुट्टी होती."
6971b04002a5477746025f87,2026-02-06,2026-02-07T09:28:23.250Z,697b1e2cc01f188423ea7e10,false,"झेडपी इलेक्शन असल्यामुळे शाळेत सुट्टी होती."
6971b04002a5477746025f87,2026-02-06,2026-02-07T09:28:23.250Z,697b1e2cc01f188423ea7e13,false,"झेडपी कलेक्शन असल्यामुळे शाळेस सुट्टी होती."
6971b04002a5477746025f87,2026-02-06,2026-02-07T09:28:23.250Z,697b1e2cc01f188423ea7e1a,false,"झेडपी इलेक्शन असल्यामुळे शाळेस सुट्टी होती."
697210c6ab8e50102477b348,2026-02-06,2026-02-07T09:53:02.985Z,697b1e2cc01f188423ea7e15,true,"नागरीकरणाच्या समस्या - सद्यस्थितीतील परिसरातील  अनेक उदाहरणे देऊन स्पष्ट केले"
697210c6ab8e50102477b348,2026-02-06,2026-02-07T09:53:02.985Z,697b1e2cc01f188423ea7e17,true,"नागरीकरणाच्या समस्या - समस्येवरील उपाय विद्यार्थ्यांनी स्वतः शोधून काढून त्याचा चार्ट तयार केला"
697210c6ab8e50102477b348,2026-02-06,2026-02-07T09:53:02.985Z,697b1e2cc01f188423ea7e19,true,"नागरिककानझफ्क समस्या समस्येवरील उपाय  विविध प्रकारच्या उदाहरणांचा विचार विनिमय करून तक्ता  तयार करून सादरीकरण केल्यामुळे विषय समजण्यास सोपा वाटला"
6971a89d02a54777460240a8,2026-02-06,2026-02-07T11:48:18.907Z,697b1e2cc01f188423ea7e13,false,"There was no school due to Scout-guide camp."
69721d755dab9a102eb3bf29,2026-02-06,2026-02-07T13:27:07.475Z,697b1e2cc01f188423ea7e12,false,"Today is an activity day so I couldn't teach them any lessons."
696ddc8e7c028268c457d8a1,2026-02-08,2026-02-09T09:03:06.071Z,697b1e2cc01f188423ea7e0f,false,"विराज साळुंखे सतत मित्रांशी गप्पा मारत असतो"
696ddc8e7c028268c457d8a1,2026-02-08,2026-02-09T09:03:06.071Z,697b1e2cc01f188423ea7e15,false,"वाक्यप्रचार फळ्यावर दिल्यानंतर त्यांचे विद्यार्थ्यांनी वाक्यात उपयोग केले"
696ddc8e7c028268c457d8a1,2026-02-08,2026-02-09T09:03:06.071Z,697b1e2cc01f188423ea7e17,false,"समर्थ बोधे हा विद्यार्थी लेखनाचा कंटाळा करतो याविषयी सहकारी शिक्षकांची चर्चा केली"
6971fd77ab8e501024772b23,2026-02-08,2026-02-09T10:03:55.375Z,697b1e2cc01f188423ea7e0f,true,"तो एका जागी बसत नाही. पण मी बोलते त्याकडे त्याचे लक्ष असते."
6971fd77ab8e501024772b23,2026-02-08,2026-02-09T10:03:55.375Z,697b1e2cc01f188423ea7e13,true,"पुढे येऊन त्यानी माझ्या प्रश्नांची छान उत्तरे दिली."
6971fd77ab8e501024772b23,2026-02-08,2026-02-09T10:03:55.375Z,697b1e2cc01f188423ea7e17,false,"तो कसा अभ्यास पूर्ण करतो कस त्याच लक्ष असत ते सांगितलं."
6971fd77ab8e501024772b23,2026-02-08,2026-02-09T10:03:55.375Z,697b1e2cc01f188423ea7e18,true,"तो चंचल आहे. याच्याकडून घरी सराव करून घ्या. अस सांगितलं"
6971fd77ab8e501024772b23,2026-02-08,2026-02-09T10:03:55.375Z,697b1e2cc01f188423ea7e1a,true,"तो सांगितल्या नंतर लगेच कृती करून मोकळा होतो."
697236de5dab9a102eb4b9a4,2026-02-08,2026-02-09T11:14:46.293Z,697b1e2cc01f188423ea7e19,true,"अधिकाधिक उदाहरणे दिल्यामुळे"
697236de5dab9a102eb4b9a4,2026-02-08,2026-02-09T11:14:46.293Z,697b1e2cc01f188423ea7e0f,true,"कृतीयुक्त उपक्रमामध्ये मन एकाग्रचित्त असल्याने कामात एकाग्रता त्यामुळे विकासाला चालना मिळाले"
697236de5dab9a102eb4b9a4,2026-02-08,2026-02-09T11:14:46.293Z,697b1e2cc01f188423ea7e10,true,"सोपे उदाहरणे दिल्यामुळे समजण्यास अधिक स्पष्टता आली"
6971b04c02a5477746026007,2026-02-08,2026-02-09T13:37:32.569Z,697b1e2cc01f188423ea7e10,false,"अजून छोटी व सोपी उदाहरणे सांगितली आहेत."
6971b04c02a5477746026007,2026-02-08,2026-02-09T13:37:32.569Z,697b1e2cc01f188423ea7e14,false,"जागा बदलेली आहे."
69721971ab8e501024780326,2026-02-08,2026-02-09T14:01:20.281Z,697b1e2cc01f188423ea7e16,true,"तो विद्यार्थी नेमका कुठे चूका करतो आहे. हे लक्षात घेऊन त्याला त्याची चूक सुधरविण्यासाठी प्रयत्न करणे. म्हणजे तो पुन्हा-पुन्हा ती चूक करणार नाही."
69721988ab8e5010247803f0,2026-02-08,2026-02-09T14:09:46.638Z,697b1e2cc01f188423ea7e10,true,"Fine"
69721988ab8e5010247803f0,2026-02-08,2026-02-09T14:09:46.638Z,697b1e2cc01f188423ea7e11,true,"Quite fine"
6971a77c2edad4557d61a602,2026-02-08,2026-02-09T14:10:27.442Z,697b1e2cc01f188423ea7e17,true,"10th oral exam संदर्भात मुलांच्या बोलण्यातील व्याकरणविषयक चुकांसंदर्भात बोलणे झाले."
6971a77c2edad4557d61a602,2026-02-08,2026-02-09T14:10:27.442Z,697b1e2cc01f188423ea7e19,false,"10वी oral exam मुळे इतर वर्गांना अध्यापन करता आले नाही."
6971a77c2edad4557d61a602,2026-02-08,2026-02-09T14:10:27.442Z,697b1e2cc01f188423ea7e1a,false,"वर्गअध्यापन झाले नाही."
6972197dab8e501024780396,2026-02-08,2026-02-09T14:24:23.262Z,697b1e2cc01f188423ea7e12,true,"समाज माध्यमावर मजकुराचा विद्यार्थ्यावर प्रभाव आहे त्यामुळे तो समाज माध्यमातून बऱ्याच गोष्टींना सत्य समजतो आहे ."
6972197dab8e501024780396,2026-02-08,2026-02-09T14:24:23.262Z,697b1e2cc01f188423ea7e11,true,"रोजच्या आहारातील पदार्थ त्याची किंमत काय कसे तयार होतात याविषयी विद्यार्थ्यांना उदाहरण देऊन स्पष्टीकरण केले"
6972197dab8e501024780396,2026-02-08,2026-02-09T14:24:23.262Z,697b1e2cc01f188423ea7e0f,true,"शिक्षकांच्या ऐकण्याकडे दुर्लक्ष करतो. पाठ्यक्रमावरून आधारित कृती करताना तो मित्रांना त्रास देण्याचा प्रयत्न करतो"
69721bb6ab8e501024781a5e,2026-02-08,2026-02-09T15:12:58.270Z,697b1e2cc01f188423ea7e12,true,"घर इस शब्द का वाक्य कैसे करेगा, घर ये शब्द क्यो लिया"
69721bb6ab8e501024781a5e,2026-02-08,2026-02-09T15:12:58.270Z,697b1e2cc01f188423ea7e11,true,"पाठपुस्तक विविध शेप बाहेरील परिसरात कोणकोणत्या चित्रांद्वारे आकार मिळतील"
69721bb6ab8e501024781a5e,2026-02-08,2026-02-09T15:12:58.270Z,697b1e2cc01f188423ea7e0f,true,"मी एक विद्यार्थी यास व्यवस्थित गणवेश का असावा याबद्दल मार्गदर्शन केले तर व नंतर लक्ष ठेवले तर तो नियमितपणे शाळेचा गणवेश परिधान आता करत आहे"
69720006ab8e501024773922,2026-02-08,2026-02-09T15:29:51.823Z,697b1e2cc01f188423ea7e15,true,"स्पष्टीकरण करताना काही points missing होतात."
69720006ab8e501024773922,2026-02-08,2026-02-09T15:29:51.823Z,697b1e2cc01f188423ea7e10,true,"Maths चे example change केले."
697c3a0c5b12565c25b3e8df,2026-02-08,2026-02-09T15:39:51.190Z,697b1e2cc01f188423ea7e11,true,"Showed real objects to explain the value of the number 6"
697210c6ab8e50102477b348,2026-02-08,2026-02-09T15:48:47.133Z,697b1e2cc01f188423ea7e15,true,"प्रदूषण एक समस्या, स्वच्छ भारत अभियान, विद्यार्थ्यांच्या कल्पनेतील सुनियोजित शहर या विषयांवर विद्यार्थ्यांनी गुगलच्या  सहाय्याने माहिती मिळवून चित्रांच्या माध्यमातून प्रकल्प तयार करण्याच्या प्रयत्न केला आणि त्याचे सादरीकरण केले"
697210c6ab8e50102477b348,2026-02-08,2026-02-09T15:48:47.133Z,697b1e2cc01f188423ea7e17,true,"वरील तीन विषयांच्या संदर्भात सहकार्यांशी चर्चा करून इतर वर्गातील विद्यार्थ्यांनाही प्रकल्प करण्यासाठी प्रवृत्त करण्यासंबंधी चर्चा करण्यात आली"
697210c6ab8e50102477b348,2026-02-08,2026-02-09T15:48:47.133Z,697b1e2cc01f188423ea7e19,true,"गुगलच्या साहाय्याने चित्र आणि माहिती मिळविल्यामुळे धडा उत्तम रीतीने समजण्यास मदत झाली."
69721984ab8e5010247803d0,2026-02-08,2026-02-09T16:25:27.823Z,697b1e2cc01f188423ea7e0f,true,"विद्यार्थी स्थिर बसत नाही पण त्याला परिचित असे दैनंदिन जीवनातील उदाहरण दिले तर तो नीट लक्ष देऊन ऐकतो तसेच मध्ये मध्ये प्रतिसाद देण्यासाठी प्रयत्न करतो."
69721984ab8e5010247803d0,2026-02-08,2026-02-09T16:25:27.823Z,697b1e2cc01f188423ea7e11,true,"पुस्तकातील तेच तेच उदाहरण दिल्याने विद्यार्थ्यांच्या सहजपणे लक्षात काही गोष्टी येत नाही त्यामुळे जर त्याला दैनंदिन जीवनातील एखादे उदाहरण दिले तर तो सहजपणे त्याची सांगड घालून घेतो व त्याला लक्षात येते."
69721984ab8e5010247803d0,2026-02-08,2026-02-09T16:25:27.823Z,697b1e2cc01f188423ea7e13,true,"तास संपल्यावर विद्यार्थी गृहपाठ  द्यावा अशी विनंती करतात. विद्यार्थ्यांनी उत्स्फूर्तपणे प्रतिसाद दिला परंतु काही मोजक्या विद्यार्थ्यांनी प्रतिसाद दिला नाही."
696de1e7c6f1e96897241a2a,2026-02-08,2026-02-09T16:47:06.136Z,697b1e2cc01f188423ea7e13,true,"chapter चे explanation चांगला, सोप्या  पद्धतीने जमले . DNA , Gene, chromosome Model प्रत्यक्षात दाखवता आले नाही ."
696de1e7c6f1e96897241a2a,2026-02-08,2026-02-09T16:47:06.136Z,697b1e2cc01f188423ea7e1a,true,"पाण्यपुस्तकाव्यतिरिक्त  अधिक माहिती जाणून घेण्याला प्रयत्न करत आहेत ."
696de1e7c6f1e96897241a2a,2026-02-08,2026-02-09T16:47:06.136Z,697b1e2cc01f188423ea7e17,false,"विद्यार्थ्यांना वारंवार  सूचना द्याव्या लागतात ."
6971fe145dab9a102eb2bfa5,2026-02-08,2026-02-09T17:17:55.215Z,697b1e2cc01f188423ea7e0f,true,"आज वर्गातील हुसेन या  मुलाचे निरीक्षण केले. तो वर्गात स्थिर बसला नाही, पण तोंडी अभ्यास लक्षपूर्वक ऐकला पण कृतीयुक्त अभ्यासाचा कंटाळा केला.त्याने आज विचारलेल्या तोंडी प्रश्नांची थोड्या प्रमाणात उत्तरे दिली."
6971fe145dab9a102eb2bfa5,2026-02-08,2026-02-09T17:17:55.215Z,697b1e2cc01f188423ea7e13,true,"आज हुसेनचे निरीक्षण करताना हे जाणवले की काही प्रमाणात त्याला स्थिर बसवण्यात मी यशस्वी झाले."
6971fe145dab9a102eb2bfa5,2026-02-08,2026-02-09T17:17:55.215Z,697b1e2cc01f188423ea7e17,false,"आज  मला ही कृती करायला जमली नाही."
6971fe145dab9a102eb2bfa5,2026-02-08,2026-02-09T17:17:55.215Z,697b1e2cc01f188423ea7e18,false,"आज  ही कृती करू शकले नाही."
6971fe145dab9a102eb2bfa5,2026-02-08,2026-02-09T17:17:55.215Z,697b1e2cc01f188423ea7e1a,true,"आज हुसेन ने  स्थिर बसून थोड्या प्रमाणात प्रश्नांची उत्तरे दिली म्हणून त्याला शाबासकी दिली."
696ddcab7c028268c457d9a6,2026-02-08,2026-02-09T17:44:45.697Z,697b1e2cc01f188423ea7e0f,true,"नेत्रा भोजदरे या विद्यार्थिनी चे निरीक्षण केले पायाभूत क्रियापक्क्या नसल्यामुळे गुंतागुंतीच्या क्रिया असलेल्या उदाहरणांकडे दुर्लक्ष करते"
696ddcab7c028268c457d9a6,2026-02-08,2026-02-09T17:44:45.697Z,697b1e2cc01f188423ea7e10,true,"सरळ व्याजाचे उदाहरण सोप्या पद्धतीने विचारले तिने बिनचूक उत्तर दिले"
696ddcab7c028268c457d9a6,2026-02-08,2026-02-09T17:44:45.697Z,697b1e2cc01f188423ea7e11,true,"बँकेतील व्यवहाराचे उदाहरण दिले"
696ddcab7c028268c457d9a6,2026-02-08,2026-02-09T17:44:45.697Z,697b1e2cc01f188423ea7e12,true,"सरळ व्याजाचे आलेले उत्तर कसे सूत्राने पडताळ येते का असे विचारले"
696ddcab7c028268c457d9a6,2026-02-08,2026-02-09T17:44:45.697Z,697b1e2cc01f188423ea7e15,true,"मुद्दल बदलल्यानंतर व्याज कसे बदलते याची उदाहरणे घेतली"
696ddcab7c028268c457d9a6,2026-02-08,2026-02-09T17:44:45.697Z,697b1e2cc01f188423ea7e1a,true,"बिनचूक उत्तर दिलेल्या विद्यार्थ्यांचे कौतुक केले"
6971af8a02a5477746025c41,2026-02-09,2026-02-10T07:07:38.477Z,697b1e2cc01f188423ea7e0f,true,"एक विद्यार्थिनी शिक्षकांची नक्कल करताना दिसली."
6971af8a02a5477746025c41,2026-02-09,2026-02-10T07:07:38.477Z,697b1e2cc01f188423ea7e19,true,"ग्रंथालयातील संदर्भ पुस्तक वाचले असता भाग जास्त समजतो, असे लक्षात येते."
6971e5305dab9a102eb1f2c8,2026-02-09,2026-02-10T09:19:50.560Z,697b1e2cc01f188423ea7e0f,true,"लेखन करत असताना उजवा पाय बाकाच्या बाहेर काढून सारखा हलवत होता."
6971e5305dab9a102eb1f2c8,2026-02-09,2026-02-10T09:19:50.560Z,697b1e2cc01f188423ea7e11,true,"मैदानावर खेळताना आपण आपल्या आरोग्याची कशी काळजी घेतो."
6971e5305dab9a102eb1f2c8,2026-02-09,2026-02-10T09:19:50.560Z,697b1e2cc01f188423ea7e15,true,"आपत्ती व्यवस्थापनामध्ये आपल्याला काय काय करता येईल?"
69722dc0ab8e50102478ab1b,2026-02-09,2026-02-10T10:28:33.079Z,697b1e2cc01f188423ea7e10,true,"विद्यार्थी जवळ येतो.आपुलकीने गप्पा मारतो."
69722dc0ab8e50102478ab1b,2026-02-09,2026-02-10T10:28:33.079Z,697b1e2cc01f188423ea7e12,true,"वर्गात कधीच न बोलणारा विद्यार्थी सुद्धा अचूक उत्तरे देतो."
69722dc0ab8e50102478ab1b,2026-02-09,2026-02-10T10:28:33.079Z,697b1e2cc01f188423ea7e0f,true,"विद्यार्थ्यांच्या प्रतिसादात सकारात्मक बदल जाणवतो."
6971a77c2edad4557d61a602,2026-02-09,2026-02-10T11:31:38.094Z,697b1e2cc01f188423ea7e17,true,"10th Oral exam दरम्यान spelling writing च्या same mistakes संदर्भात चर्चा केली.eg-habit ऐवजी habbit ब-याच मुलांनी लिहीले."
6971a77c2edad4557d61a602,2026-02-09,2026-02-10T11:31:38.094Z,697b1e2cc01f188423ea7e19,false,"10वी तोंडी परीक्षेमुळे दैनंदिन वर्गअध्यापन झाले नाही."
6971a77c2edad4557d61a602,2026-02-09,2026-02-10T11:31:38.094Z,697b1e2cc01f188423ea7e1a,false,"दैनंदिन  तासिका  घेतल्या नाहीत."
697236de5dab9a102eb4b9a4,2026-02-09,2026-02-10T11:42:55.426Z,697b1e2cc01f188423ea7e19,true,"लक्षपूर्वक ऐकल्यामुळे"
697236de5dab9a102eb4b9a4,2026-02-09,2026-02-10T11:42:55.426Z,697b1e2cc01f188423ea7e0f,true,"आजूबाजूच्या परिस्थितीला अनुसरून प्रतिसाद देतो"
697236de5dab9a102eb4b9a4,2026-02-09,2026-02-10T11:42:55.426Z,697b1e2cc01f188423ea7e10,true,"त्याच्या आवडीची गोष्ट त्याला पुढे येऊन सांगण्यास प्रोत्साहित केले"
69722d54ab8e50102478a8e7,2026-02-09,2026-02-10T11:45:48.668Z,697b1e2cc01f188423ea7e1a,true,"एखाद्या प्रश्नाच्या उत्तरासाठी विद्यार्थ्यांना शाब्बासकी मिळाल्यास ते दुसऱ्या प्रश्नाचे उत्तर शोधण्यास लगेच तत्पर होतात हे दिसून आले."
696ddcab7c028268c457d9a6,2026-02-09,2026-02-10T14:05:44.164Z,697b1e2cc01f188423ea7e0f,true,"राजवीर पवार याचे निरीक्षण केले."
696ddcab7c028268c457d9a6,2026-02-09,2026-02-10T14:05:44.164Z,697b1e2cc01f188423ea7e10,true,"वाचन करताना आधी शब्द डोळ्याने मनात साठवावे आणि मग वाचावे."
6971fe145dab9a102eb2bfa5,2026-02-09,2026-02-10T14:23:55.609Z,697b1e2cc01f188423ea7e0f,true,"आज अद्वैतचे मी निरीक्षण केले. तो आज वर्गात अजिबात स्थिर बसला नाही सारखे काहीतरी शोधत होता त्यामुळे त्याचे वर्गात लक्ष नव्हते गोष्ट व चित्रपुस्तिका या दोन्हीकडे त्याने लक्ष दिले नाही."
6971fe145dab9a102eb2bfa5,2026-02-09,2026-02-10T14:23:55.609Z,697b1e2cc01f188423ea7e13,true,"आज तास झाल्यावर  समाधानी वाटले करण बहुतांश मुलांना आजची गोष्ट आवडली व चित्रपुस्तिकेतील नावे छान ओळखता आली."
6971fe145dab9a102eb2bfa5,2026-02-09,2026-02-10T14:23:55.609Z,697b1e2cc01f188423ea7e18,true,"आज तीन ते चार विद्यार्थ्यांच्या पालकांशी संवाद साधता आला व त्या मुलांविषयी व त्यांच्या शैक्षणिक प्रगती विषयी खूप छान गोष्टी व घरी करण्यासारख्या सोप्या ऍक्टिव्हिटी विषयी चर्चा केली."
6971fe145dab9a102eb2bfa5,2026-02-09,2026-02-10T14:23:55.609Z,697b1e2cc01f188423ea7e1a,true,"आज वर्गातील जास्तीत जास्त मुले लक्षपूर्वक गोष्ट ऐकत होती व चित्रपुस्तिकेतील  नावे ओळखून सांगत होती."
697210c6ab8e50102477b348,2026-02-09,2026-02-10T16:16:23.605Z,697b1e2cc01f188423ea7e15,true,"इयत्ता नववी- पाठ 11 - वाहतूक व संदेशवहन - या घटकातील पुस्तकात दिलेल्या वाहतुकीसाठी विचारात घ्याव्या लागणाऱ्या बाबी विद्यार्थी स्वतःच्या अनुभवातून अनेक उदाहरणांच्या सहाय्याने स्वतःच्या शब्दात स्पष्ट करतात"
697210c6ab8e50102477b348,2026-02-09,2026-02-10T16:16:23.605Z,697b1e2cc01f188423ea7e17,true,"शाळेत कार्यरत असलेले वाहतूक समिती  यांच्यामार्फत केले जाणारे विद्यार्थी वाहतुकीचे नियोजन यासंबंधी चर्चा"
697210c6ab8e50102477b348,2026-02-09,2026-02-10T16:16:23.605Z,697b1e2cc01f188423ea7e19,true,"शाळेत येताना जाताना केलेल्या वाहतुकीच्या स्वतःच्या अनुभवातून, चर्चेतून वाहतूक हा  घटक शिकण्यास मदत झाली."
696de1e7c6f1e96897241a2a,2026-02-09,2026-02-10T16:16:24.051Z,697b1e2cc01f188423ea7e13,true,"विद्यार्थ्यांना दिलेली Activity त्यांनी मनापासून पूर्ण करण्याचा प्रयत्न केला . विद्यार्थ्यांनी प्रश्न विचारले व मी उत्तरे दिली .मी उत्तरे देणार म्हणून विद्यार्थ्यांनी मनापासून वाचन करून प्रश्न तयार केले ."
696de1e7c6f1e96897241a2a,2026-02-09,2026-02-10T16:16:24.051Z,697b1e2cc01f188423ea7e1a,true,"विद्यार्थ्यांनी चांगल्या दर्जाचे प्रश्न तयार केले . त्यामुळे त्यांचे कौतुक केले."
696de1e7c6f1e96897241a2a,2026-02-09,2026-02-10T16:16:24.051Z,697b1e2cc01f188423ea7e17,true,"विद्यार्थ्यांना प्रश्न विचारण्याची संधी दिल्यामुळे विद्यार्थ्यांना तासाला कंटाळा आला नाही ."
6972379bab8e501024793a54,2026-02-09,2026-02-10T16:52:13.780Z,697b1e2cc01f188423ea7e11,true,"विद्यार्थ्यांना अपूर्णांक शिकवत असताना दैनंदिन जीवनातील विविध खाद्यपदार्थांचे, वस्तूंचे विभाजन कसे करतो याविषयी विविध उदाहरणे दिली."
6972379bab8e501024793a54,2026-02-09,2026-02-10T16:52:13.780Z,697b1e2cc01f188423ea7e1a,true,"विद्यार्थ्यांना अपूर्णांक शिकवत असताना त्यांनी विविध उदाहरणे तयार केली. याविषयी त्यांचे कौतुक केले.   मराठीतील अनुस्वाराची ओळख करून देत असताना दैनंदिन जीवनातील अनुस्वाराचे शब्द सांगितले व लिहून दाखवले याविषयी मुलांचे कौतुक केले."
6971b9aa9f16fa0f9d681db9,2026-02-09,2026-02-10T17:49:29.708Z,697b1e2cc01f188423ea7e13,true,"विद्यार्थ्यांना This, That, These आणि Those या संकल्पना प्रत्यक्ष वस्तू वापरून तसेच चित्रे दाखवून स्पष्ट केल्या."
6971b9aa9f16fa0f9d681db9,2026-02-09,2026-02-10T17:49:29.708Z,697b1e2cc01f188423ea7e15,true,"विद्यार्थ्यांनी स्वतः प्रत्येकी ५ वाक्ये तयार केली. त्यामुळे विद्यार्थ्याची संकल्पना स्पष्ट झाली हे समजले."
6971b9aa9f16fa0f9d681db9,2026-02-09,2026-02-10T17:49:29.708Z,697b1e2cc01f188423ea7e1a,true,"विद्यार्थ्यानी वाक्य बनवताना चित्रे काढली आणि काही विद्यार्थ्यांनी त्याला रंग दिल्यामुळे ती अधिक सुंदर दिसत होती. अश्या विद्यार्थ्यांची कौतुक केले"
69724cdb5dab9a102eb56a2a,2026-02-09,2026-02-10T18:03:06.574Z,697b1e2cc01f188423ea7e0f,true,"विद्यार्थी मित्राबरोबर गप्पा मारत लिहीत होता. मध्येच जागेवरून उठत होता.शिक्षकांचे आपल्याकडे लक्ष आहे हे कळताच तो शांतपणे लिहू लागला."
69724cdb5dab9a102eb56a2a,2026-02-09,2026-02-10T18:03:06.574Z,697b1e2cc01f188423ea7e1a,false,"विद्यार्थ्याने आकृत्यांचे निरीक्षण करून योग्य शब्दांत उत्तरे दिली असे सांगितले"
6971a5ff02a5477746023303,2026-02-10,2026-02-11T04:14:58.025Z,697b1e2cc01f188423ea7e11,true,"To teach community life I used and asked them their daily experiences. So that they can understand this concept easily."
6971d643ab8e50102475e619,2026-02-10,2026-02-11T07:10:00.627Z,697b1e2cc01f188423ea7e11,false,"Searching birthdates of friend in calendar."
696ddcab7c028268c457d9a6,2026-02-10,2026-02-11T09:25:04.979Z,697b1e2cc01f188423ea7e10,true,"इयत्ता सातवी ब या वर्गामध्ये अतिशय शांतपणे एक गोष्ट सांगितली आणि विद्यार्थ्यांना एकाग्रता आणि चिंतन याचे महत्त्व सांगितले त्यासाठी परिचयातील उदाहरणे दिली"
696ddcab7c028268c457d9a6,2026-02-10,2026-02-11T09:25:04.979Z,697b1e2cc01f188423ea7e11,true,"साहस हा शब्द समजून सांगण्यासाठी परिचयातील उदाहरणे दिली"
696ddcab7c028268c457d9a6,2026-02-10,2026-02-11T09:25:04.979Z,697b1e2cc01f188423ea7e15,true,"धाडसाने एखाद्याची चूक आपण कशी सांगू शकतो हे विद्यार्थ्याने स्वतःच्या शब्दात सांगितले"
696ddcab7c028268c457d9a6,2026-02-10,2026-02-11T09:25:04.979Z,697b1e2cc01f188423ea7e1a,true,"इयत्ता सातवी ब चा वर्ग 45 मिनिटं पूर्णपणे एकाग्रस्थितीमध्ये बसला आणि सांगितलेली गोष्ट अतिशय व्यवस्थित ऐकली आणि उत्तम प्रतिसाद दिला याबद्दल त्यांचे कौतुक केले"
696ddc8e7c028268c457d8a1,2026-02-10,2026-02-11T09:52:38.657Z,697b1e2cc01f188423ea7e0f,true,"साईश नवथरे हा विद्यार्थी स्वमग्न असतो. मित्रांशी जास्त गप्पा मारतो"
696ddc8e7c028268c457d8a1,2026-02-10,2026-02-11T09:52:38.657Z,697b1e2cc01f188423ea7e15,true,"चित्र वर्णन स्वतःच्या शब्दांमध्ये व्यक्त करतात"
696ddc8e7c028268c457d8a1,2026-02-10,2026-02-11T09:52:38.657Z,697b1e2cc01f188423ea7e17,true,"विद्यार्थी वर्गामध्ये नियमित घरचा अभ्यास करत नाहीत यावर चर्चा केली"
696ddf1bc6f1e968972403d7,2026-02-10,2026-02-11T09:57:41.072Z,697b1e2cc01f188423ea7e0f,true,"निरीक्षणासाठी मी सुजित या विद्यार्थ्यांची निवड केली आहे. घडी काम घेत असताना तो फक्त माझी आदर्श कृती पाहत होता स्वतः मात्र एकही कृती केली नाही."
696ddf1bc6f1e968972403d7,2026-02-10,2026-02-11T09:57:41.072Z,697b1e2cc01f188423ea7e17,true,"शोषणाऱ्या व न शोषणाऱ्या वस्तू या पाठाबद्दल सहकाऱ्यांशी चर्चा केली व गमतीजमती सांगितल्या"
696ddf1bc6f1e968972403d7,2026-02-10,2026-02-11T09:57:41.072Z,697b1e2cc01f188423ea7e13,true,"स्वतःचे परीक्षण केल्यानंतर मला असे समजले की आज माझा आवाज बसला होता त्यामुळे विद्यार्थी माझ्याकडे केविलवाने पहात होते."
6971b08d02a5477746026172,2026-02-10,2026-02-11T11:18:02.275Z,697b1e2cc01f188423ea7e1a,true,"विद्यार्थ्यांनी विविध प्रकारचे ऑब्जेक्टिव्ह प्रश्न स्वतः तयार केले."
6971b08d02a5477746026172,2026-02-10,2026-02-11T11:18:02.275Z,697b1e2cc01f188423ea7e19,true,"स्वतः वाचून प्रश्न प्रकार तयार केल्यामुळे धडा समजण्यास विद्यार्थ्यांना मदत झाली."
6971a77c2edad4557d61a602,2026-02-10,2026-02-11T11:18:53.525Z,697b1e2cc01f188423ea7e17,true,"पालकांच्या नकळत आठवीतील एक विद्यार्थी अनुपस्थित राहिला हे त्याच्या वर्गशिक्षिकेला सांगितले डबा द्यायल्या आलेल्या पालकांशी त्याच्या वर्तनबदलासंदर्भात सांगितले."
6971a77c2edad4557d61a602,2026-02-10,2026-02-11T11:18:53.525Z,697b1e2cc01f188423ea7e19,true,"विशिष्ट अव्ययांना विशिष्ट विभक्ती लागते हा पाठ्यांश तुम्ही दिलेल्या उदाहरणांमुळे समजला असे विद्यार्थ्यांनी सांगितले  ."
6971a77c2edad4557d61a602,2026-02-10,2026-02-11T11:18:53.525Z,697b1e2cc01f188423ea7e1a,true,"वरील पाठासंदर्भात विद्यार्थ्यांनी पूर्वी शिकलेल्या धड्यातील अव्ययांची वाक्ये उत्स्फूर्तपणे सांगितली."
696de1e7c6f1e96897241a2a,2026-02-10,2026-02-11T11:25:36.302Z,697b1e2cc01f188423ea7e13,true,"मुद्द्याचे स्पष्टीकरण,उजळणी घेतल्यानंतरही काही विद्यार्थ्यांना विचारलेल्या प्रश्नांची उत्तरे देता आली नाही .याबाबतचे कारण जाणून घेण्यासाठी विद्यार्थ्यांची चर्चा केली . त्यातून त्यांना शिकताना येणाऱ्या अडचणी बाबतचे काही मुद्दे समजले ."
696de1e7c6f1e96897241a2a,2026-02-10,2026-02-11T11:25:36.302Z,697b1e2cc01f188423ea7e1a,true,"विद्यार्थ्यांनी गणिते सोडवताना वेगळ्या पद्धतींचा वापर केला . त्यामुळे त्याला पुढे बोलावून त्याचे कौतुक केले ."
696de1e7c6f1e96897241a2a,2026-02-10,2026-02-11T11:25:36.302Z,697b1e2cc01f188423ea7e17,true,"विद्यार्थ्यांशी मनमोकळेपणाने बोलल्यामुळे त्यांच्या अभ्यास करताना येणाऱ्या अडचणी समजल्या व त्यावरचे उपाय याबाबत चर्चा झाली ."
6971b1ed02a5477746026b83,2026-02-10,2026-02-11T13:21:28.126Z,697b1e2cc01f188423ea7e0f,true,"आज अथर्वने मी कविता शिकवत असताना  काहीच ॲक्शन्स केले नाही.. तो त्याच्या नादात होता. परंतु त्याला कवितेच्या ओळी म्हणता आल्या ."
6971b1ed02a5477746026b83,2026-02-10,2026-02-11T13:21:28.126Z,697b1e2cc01f188423ea7e13,true,"आज आलियाने खूप दिवसातून भाजी चपाती डब्याला आणली होती आणि ती तिने खाल्ली. रोज डबा आणत नव्हती आणला तर चिप्स आणत होती. कारण तिला मी समज दिल्यामुळे तिने भाजी चपाती आणली."
6971b1ed02a5477746026b83,2026-02-10,2026-02-11T13:21:28.126Z,697b1e2cc01f188423ea7e18,true,"सार्थक नावाच्या मुलाला 3,6,9 यामध्ये उलटा अंक लिहितो हे पालकांना सांगितले त्याचा अभ्यास घेताना लक्ष देण्यास सांगितले."
6971b1ed02a5477746026b83,2026-02-10,2026-02-11T13:21:28.126Z,697b1e2cc01f188423ea7e11,true,"मुलांना फुलांचे उपयोग सांगण्यासाठी त्यांना खरोखरची फुले आणण्यास सांगितले व त्यांची नावे विचारले.. त्याच्या आवडीचे फुल विचारले. त्यांचा उपयोग करण्यास सांगितला. काहींनी सजावट केली काही नाही केसाला लावली. काहींनी गाडीला लावण्यात सांगितले तर काहींनी देवाला वाहण्यासाठी सांगितली."
6971af4a02a5477746025bd6,2026-02-10,2026-02-11T13:24:48.090Z,697b1e2cc01f188423ea7e0f,false,"आज मी एका मुलीचे निरीक्षण केले."
6971af4a02a5477746025bd6,2026-02-10,2026-02-11T13:24:48.090Z,697b1e2cc01f188423ea7e18,false,"तिचे रोज रडण्यामागचे कारण विचारले"
6971af4a02a5477746025bd6,2026-02-10,2026-02-11T13:24:48.090Z,697b1e2cc01f188423ea7e17,false,"वरिष्ठ शिक्षकांची मदत घेतली"
69722dc0ab8e50102478ab1b,2026-02-10,2026-02-11T13:51:44.262Z,697b1e2cc01f188423ea7e10,true,"संधी देण्यात आल्याने आपले मत मांडतो. मुक्तोत्तरी प्रश्नांचे  उत्तर देतो."
69722dc0ab8e50102478ab1b,2026-02-10,2026-02-11T13:51:44.262Z,697b1e2cc01f188423ea7e12,true,"घरी दिलेले काम पूर्ण करून आणतो."
69722dc0ab8e50102478ab1b,2026-02-10,2026-02-11T13:51:44.262Z,697b1e2cc01f188423ea7e0f,true,"नम्रतेने बोलतो. संवाद साधतो."
6971af932edad4557d61c628,2026-02-10,2026-02-11T13:55:11.916Z,697b1e2cc01f188423ea7e0f,true,"आज श्लोक च्या हालचालीकडे लक्ष दिले तो  गोष्ट ऐकण्यात  एकचित्त पणा नव्हता सारखी हालचाल करत होता"
6971af932edad4557d61c628,2026-02-10,2026-02-11T13:55:11.916Z,697b1e2cc01f188423ea7e10,true,"दोन विद्यार्थ्यांना समोर घेऊन गोष्ट सांगायला सांगितली हा बदल केला."
6971af932edad4557d61c628,2026-02-10,2026-02-11T13:55:11.916Z,697b1e2cc01f188423ea7e17,true,"आज सहकाऱ्यांशी संवाद झाला नाही."
6971af932edad4557d61c628,2026-02-10,2026-02-11T13:55:11.916Z,697b1e2cc01f188423ea7e15,true,"सांगितलेली गोष्ट त्यांना त्यांच्या भाषेत सांगावयास सांगितले."
697236de5dab9a102eb4b9a4,2026-02-10,2026-02-11T14:19:39.409Z,697b1e2cc01f188423ea7e19,true,"पूर्व आधारित अनुभवामुळे"
697236de5dab9a102eb4b9a4,2026-02-10,2026-02-11T14:19:39.409Z,697b1e2cc01f188423ea7e0f,true,"दिलेल्या कृती उपक्रमात एकाग्रतेने लक्ष देणे"
697236de5dab9a102eb4b9a4,2026-02-10,2026-02-11T14:19:39.409Z,697b1e2cc01f188423ea7e10,true,"तोंडी समजावून सांगता जोडीदारांसोबत कृती केल्याने समजण्यास मदत मिळते"
697191a02edad4557d6157e2,2026-02-10,2026-02-11T14:28:20.813Z,697b1e2cc01f188423ea7e0f,true,"His concentration level is less"
697191a02edad4557d6157e2,2026-02-10,2026-02-11T14:28:20.813Z,697b1e2cc01f188423ea7e10,true,"He can answer with the help of pictures"
697191a02edad4557d6157e2,2026-02-10,2026-02-11T14:28:20.813Z,697b1e2cc01f188423ea7e16,true,"Formation of 4,7,9  pattern is constantly wrong"
697191a02edad4557d6157e2,2026-02-10,2026-02-11T14:28:20.813Z,697b1e2cc01f188423ea7e18,true,"He can recognise the given numbers correctly"
6972379bab8e501024793a54,2026-02-10,2026-02-11T15:54:59.885Z,697b1e2cc01f188423ea7e11,true,"योग्य काय? हा पाठ शिकवताना दैनंदिन जीवनातील विविध उदाहरणाद्वारे योग्य आणि अयोग्य गोष्टींची ओळख करून दिली."
6972379bab8e501024793a54,2026-02-10,2026-02-11T15:54:59.885Z,697b1e2cc01f188423ea7e12,true,"योग्य आणि अयोग्य गोष्टी ओळखण्याचे निकष विद्यार्थ्यांनी कसे ठरवले याविषयी सविस्तर चर्चा केली."
6972379bab8e501024793a54,2026-02-10,2026-02-11T15:54:59.885Z,697b1e2cc01f188423ea7e1a,true,"विद्यार्थी दररोज करत असलेल्या योग्य गोष्टी सांगून त्यांचे कौतुक केले."
69724cdb5dab9a102eb56a2a,2026-02-10,2026-02-11T16:34:30.090Z,697b1e2cc01f188423ea7e1a,true,"विद्यार्थी दिलेला घटक घरूनच आधीच वाचून येत आहेत, त्यामुळे विद्यार्थ्यांना तो घटक समजण्यास  उपयोग झाला व विद्यार्थी प्रश्नांची उत्तरे देण्याचा छान प्रयत्न करत आहेत."
69724cdb5dab9a102eb56a2a,2026-02-10,2026-02-11T16:34:30.090Z,697b1e2cc01f188423ea7e12,true,"पाठदरम्यान एखादा प्रश्न विचारला जातो,हे विद्यार्थ्यांचे लक्षात आलेले आहे, त्यामुळे वर्गातील विद्यार्थी लक्षपूर्वक ऐकत आहे व विचारलेल्या प्रश्नांची उत्तरे देण्याचा प्रयत्न करत आहेत."
697210c6ab8e50102477b348,2026-02-10,2026-02-11T18:18:09.696Z,697b1e2cc01f188423ea7e15,true,"वाहतुकीचे महत्त्व विविध उदाहरणांच्या साह्याने स्वतःच्या शब्दात सांगतात वाहतुकीमध्ये आणि संदेशवहनांमध्ये आजपर्यंत झालेल्या बदलाचे स्वरूप उदाहरणांच्या साह्याने स्पष्ट करतात"
697210c6ab8e50102477b348,2026-02-10,2026-02-11T18:18:09.696Z,697b1e2cc01f188423ea7e17,true,"वाहतूक आणि संदेशवहन यांच्या असणाऱ्या सहसंबंध अनेक उदाहरणांच्या साहाय्याने सांगून विविध प्रश्न प्रकारानुसार प्रश्न काढून चर्चा करतात"
697210c6ab8e50102477b348,2026-02-10,2026-02-11T18:18:09.696Z,697b1e2cc01f188423ea7e19,true,"पाठावर आधारित नोट्स काढून विविध प्रश्न प्रकार नुसार  प्रश्न  काढल्यामुळे आणि चर्चा केल्यामुळे पाठ समजण्यास मदत झाली"
6971b9aa9f16fa0f9d681db9,2026-02-10,2026-02-11T18:20:12.228Z,697b1e2cc01f188423ea7e13,true,"बाजारातील वस्तूंची चित्रे आणि प्रत्यक्ष भाजीपाला दाखवल्यामुळे मुलांना संकल्पना अधिक लवकर समजली. बाजारात पैसे कसे द्यायचे"" किंवा ""वस्तू कशी मागायची"" याचे प्रात्यक्षिक (Role Play) पुढील तासामध्ये करुन घेऊन मुलांचे व्यावहारिक ज्ञान वाढवता येईल."
6971b9aa9f16fa0f9d681db9,2026-02-10,2026-02-11T18:20:12.228Z,697b1e2cc01f188423ea7e15,true,"विद्यार्थ्यानी बाजारात विक्रीसाठी असणाऱ्या वस्तूंची नावे पटापट सांगितली. त्यामुळे विद्यार्थ्यांच्या शब्द संग्रहामध्ये वाढ होण्यास मदत झाली."
6971fe145dab9a102eb2bfa5,2026-02-10,2026-02-11T18:22:51.884Z,697b1e2cc01f188423ea7e0f,false,"आज प्रिन्स चे निरीक्षण केले तो  आज वर्गात स्थिर बसला नाही आणि त्याचे लक्ष आज वर्गातील ऍक्टिव्हिटी कडे अजिबात नव्हते"
6971fe145dab9a102eb2bfa5,2026-02-10,2026-02-11T18:22:51.884Z,697b1e2cc01f188423ea7e13,false,"आज वर्गात अक्षर वाचन ही ऍक्टिव्हिटी घेतली चित्र दाखवून अक्षर ओळखायचे होते व एक दोन विद्यार्थी  सोडल्यास बाकी सर्व मुलांनी खूप छान अक्षरे ओळखली."
6971fe145dab9a102eb2bfa5,2026-02-10,2026-02-11T18:22:51.884Z,697b1e2cc01f188423ea7e17,false,"आज प्रिन्स व अजून दोन चार मुलांचे ऍक्टिव्हिटी मध्ये अजिबात लक्ष नव्हते त्याबद्दल काय वेगळे करता येईल याविषयी चर्चा केली"
6971fe145dab9a102eb2bfa5,2026-02-10,2026-02-11T18:22:51.884Z,697b1e2cc01f188423ea7e18,false,"प्रिन्स च्या आईशी संवाद साधताना जाणवले कि तो घरीही आईला अभ्यासविषयी त्रास देतो त्यावर त्यांना घरी घेण्यासाठी एक ऍक्टिव्हिटी सांगितली व दोन दिवस त्यापद्धतीने च शिकवण्यास सांगितले."
6971fe145dab9a102eb2bfa5,2026-02-10,2026-02-11T18:22:51.884Z,697b1e2cc01f188423ea7e1a,false,"जरी आज प्रिन्सचे वर्गात लक्ष नव्हते तरी आज तो संपूर्ण परिपाठ खूप छान म्हणला."
6971d643ab8e50102475e619,2026-02-11,2026-02-12T06:55:22.651Z,697b1e2cc01f188423ea7e0f,true,"Tanesh was very excited to learn about robots."
697248935dab9a102eb547de,2026-02-11,2026-02-12T07:15:53.340Z,697b1e2cc01f188423ea7e0f,true,"Today I observed my 1 student whom I used to think as silent kid is actually a talkative one, who talks more but in soft voice."
6971b1ed02a5477746026b83,2026-02-11,2026-02-12T09:38:26.168Z,697b1e2cc01f188423ea7e0f,true,"सार्थक नावाचा विद्यार्थी शाळेत आल्यावर शांत बसत नाही. बॅग एकीकडे फेकतो आणि तो l दुसरीकडे बसतो असं का करतो माहित नाही.  त्याला खूप समजावलं परंतु त्यामध्ये काही सुधारणा होत नाही."
6971b1ed02a5477746026b83,2026-02-11,2026-02-12T09:38:26.168Z,697b1e2cc01f188423ea7e18,false,"आरुष गायकवाड हा विद्यार्थी रोज शाळेत येतो परंतु त्या मुलाला शाळेमध्ये शिकवले तेवढाच अभ्यास करतो घरचा अभ्यास पूर्ण करून आणत नाही याबद्दल पालकांशी चर्चा केली नक्की काय समस्या आहे."
6971b1ed02a5477746026b83,2026-02-11,2026-02-12T09:38:26.168Z,697b1e2cc01f188423ea7e11,true,"मुलांना लहान व मोठे आकार समजण्यासाठी त्यांना विविध बाटल्या देऊन त्याचे झाकण लावण्या सांगितले त्यामध्ये काही आकार लहान होते व काही मोठे होते. फळ्यावर न लिहिता मुलांना ऍक्टिव्हिटी दिली."
6971fd77ab8e501024772b23,2026-02-11,2026-02-12T10:55:57.770Z,697b1e2cc01f188423ea7e0f,true,"ती बसते छान. ऐकते पण स्वतःच्या विश्वात असते. तीच काहीतरी सांगत असते."
6971fd77ab8e501024772b23,2026-02-11,2026-02-12T10:55:57.770Z,697b1e2cc01f188423ea7e13,true,"म्हणते सगळं. तीच जास्त ऐकवते. मनानी सांगते."
6971fd77ab8e501024772b23,2026-02-11,2026-02-12T10:55:57.770Z,697b1e2cc01f188423ea7e17,true,"हो सांगितले."
6971fd77ab8e501024772b23,2026-02-11,2026-02-12T10:55:57.770Z,697b1e2cc01f188423ea7e18,true,"तिच्या पालकांना ही सांगितले."
6971fd77ab8e501024772b23,2026-02-11,2026-02-12T10:55:57.770Z,697b1e2cc01f188423ea7e1a,true,"ती जे काही सादरीकरण करते त्याला दाद देते व पुढच्या वेळेस अजून छान कर. अस सांगते"
69720006ab8e501024773922,2026-02-11,2026-02-12T11:44:38.079Z,697b1e2cc01f188423ea7e10,true,"Reading साठी जोडीदारासोबत काम करू दिले"
696ddce5c6f1e9689723f17f,2026-02-11,2026-02-12T11:47:04.244Z,697b1e2cc01f188423ea7e12,true,"दिलेल्या उपक्रमांवरती प्रश्न विचारले"
696ddce5c6f1e9689723f17f,2026-02-11,2026-02-12T11:47:04.244Z,697b1e2cc01f188423ea7e15,true,"जोडशब्द लिहण्यास दिले"
6971a77c2edad4557d61a602,2026-02-11,2026-02-12T12:31:30.668Z,697b1e2cc01f188423ea7e17,true,"10वीतील हुशार विद्यार्थिनी पेपरमध्ये गरजेपेक्षा अधिक  लिहीते यासंबंधी चर्चा झाली.संबंधित मुलीला त्यासंदर्भात समजावून सांगितले .परीक्षेत होणारे नुकसान,वेळ पुरणार नाही इ.बाबी सांगितल्या."
6971a77c2edad4557d61a602,2026-02-11,2026-02-12T12:31:30.668Z,697b1e2cc01f188423ea7e19,true,"Gond art संंबंधी topic textbook मधील pictures ,given information तसेच new words and concepts चे explanation यांमुळे छान समजला असे विद्यार्थिनीने सांगितले ."
6971a77c2edad4557d61a602,2026-02-11,2026-02-12T12:31:30.668Z,697b1e2cc01f188423ea7e1a,true,"शब्दांचा अर्थ  तसेच प्रतिशब्द सांगतात यासाठी मुलांचे कौतुक केले."
696ddd3bc6f1e9689723f3c3,2026-02-11,2026-02-12T12:42:59.673Z,697b1e2cc01f188423ea7e19,true,"विद्यार्थ्यांना असा प्रश्न विचारल्यावर विद्यार्थी धड्याची सुलभता तसेच शिक्षकांची शिकवण्याची पद्धत अशी उत्तरे देतात."
696ddca8c6f1e9689723efd3,2026-02-11,2026-02-12T13:27:29.806Z,697b1e2cc01f188423ea7e15,false,"अपुरा वेळ आणि पाठ्यांश"
6972379bab8e501024793a54,2026-02-11,2026-02-12T14:35:17.567Z,697b1e2cc01f188423ea7e11,true,"Measurement of Length हा पाठ शिकवताना घरातील वस्तूंची लांबी कशी मोजावी, हे प्रत्यक्ष दाखवले व घरातील ठराविक वस्तूंची लांबी मोजण्यास सांगितले."
6972379bab8e501024793a54,2026-02-11,2026-02-12T14:35:17.567Z,697b1e2cc01f188423ea7e1a,true,"विद्यार्थ्यांनी विविध वस्तूंची लांबी विविध पद्धती वापरून मोजून दाखवली. याबद्दल त्यांचे कौतुक केले."
697236de5dab9a102eb4b9a4,2026-02-11,2026-02-12T15:04:45.503Z,697b1e2cc01f188423ea7e19,true,"शिक्षकांनी धडा समजावून सांगितल्यामुळे"
697236de5dab9a102eb4b9a4,2026-02-11,2026-02-12T15:04:45.503Z,697b1e2cc01f188423ea7e0f,true,"प्रत्येक दिवसातील त्याचे हालचाल आणि केलेले निरीक्षण यात थोडीफार प्रगती होत आहे"
697236de5dab9a102eb4b9a4,2026-02-11,2026-02-12T15:04:45.503Z,697b1e2cc01f188423ea7e10,true,"थोडे सावकाश बोलल्याने त्याचे ग्रहण करण्याची क्षमता आधीपेक्षा अधिक वाढत आहे"
697210c6ab8e50102477b348,2026-02-11,2026-02-12T17:54:29.180Z,697b1e2cc01f188423ea7e15,true,"विद्यार्थ्यांनी प्रवासादरम्यान येणाऱ्या वाहतुकीच्या समस्यांचा विचार करून समस्यांवर उपाय म्हणून वाहतुकीच्या साधनांमध्ये किंवा मार्गांमध्ये कोणते नाविन्यपूर्ण बदल करता येतील यावर आपले विचार मांडले"
697210c6ab8e50102477b348,2026-02-11,2026-02-12T17:54:29.180Z,697b1e2cc01f188423ea7e17,true,"शाळेच्या वेळेतील बदलामुळे शिक्षक आणि विद्यार्थी यांना वाहतुकीमुळे निर्माण होणाऱ्या  समस्यांना कशाप्रकारे सामोरे जावे लागते यावर चर्चा केली"
697210c6ab8e50102477b348,2026-02-11,2026-02-12T17:54:29.180Z,697b1e2cc01f188423ea7e19,true,"प्रत्यक्ष अनुभव, इंटरनेटच्या माध्यमातून तसेच स्वतः विविध प्रश्न प्रकारानुसार प्रश्न तयार केल्यामुळे आणि नोट्स काढल्यामुळे पाठ समजून घेण्यासाठी मदत झाली"
69724cdb5dab9a102eb56a2a,2026-02-11,2026-02-12T17:54:37.679Z,697b1e2cc01f188423ea7e0f,true,"विद्यार्थिनीचे बोलण्याकडे लक्ष होते. जशी कृती सांगेल तशी कृती विद्यार्थिनी करत होती. कृती करत असताना विद्यार्थिनीची  जिज्ञासू वृत्ती दिसून आली. त्यामुळे त्या विद्यार्थिनीला अभ्यासाची आवड आहे हे लगेच लक्षात आले."
69724cdb5dab9a102eb56a2a,2026-02-11,2026-02-12T17:54:37.679Z,697b1e2cc01f188423ea7e1a,true,"मागील पाठाची, घटकाची उजळणी करत असल्यामुळे विद्यार्थ्यांना त्याचा शिकण्यामध्ये फायदा होतो  तसेच कमी वेळेमध्ये नवीन ज्ञान घेता येते हे सांगितले."
69724cdb5dab9a102eb56a2a,2026-02-11,2026-02-12T17:54:37.679Z,697b1e2cc01f188423ea7e19,true,"फळ्यावर आकृत्या काढून समजावले तसेच नकाशाचा वापर केल्यामुळे, स्पष्टीकरण यामुळे आजचा घटक लगेच समजला."
6971b9aa9f16fa0f9d681db9,2026-02-11,2026-02-12T17:58:36.598Z,697b1e2cc01f188423ea7e13,true,"विद्यार्थ्याकडून विक्रेता आणि ग्राहक एक्टिविटी केल्यामुळे मुलांची खरेदी- विक्री संकल्पना स्पष्ट झाली . संभाषण कौशल्य सुधारण्यास मदत झाली. वेळ कमी मिळाला."
6971b9aa9f16fa0f9d681db9,2026-02-11,2026-02-12T17:58:36.598Z,697b1e2cc01f188423ea7e1a,true,"मुले ही एक्टिविटी करताना दिलेले पैसे मोजून घेत होती.वास्तूची देवाणघेवाण करत होते. यासाठी  खोट्या नोटा तसेच भाजीपाला आणि स्टेशनरी साहीत्य घेतले होते."
696ddeabc6f1e96897240033,2026-02-12,2026-02-13T06:42:35.034Z,697b1e2cc01f188423ea7e11,true,"When I gave daily life examples children were very  happy  to hear."
6971a5e202a54777460232a6,2026-02-12,2026-02-13T07:01:18.376Z,697b1e2cc01f188423ea7e11,true,"Writes his daily routine and time ."
6971d68b5dab9a102eb17bb7,2026-02-12,2026-02-13T07:01:34.654Z,697b1e2cc01f188423ea7e11,true,"स्वतः बनवलेल्या घड्याळाच्या प्रतिकृती वर आपली दिनचर्या सांगताना विविध वेळ दाखवणे."
696ddc8e7c028268c457d8a1,2026-02-12,2026-02-13T09:10:58.544Z,697b1e2cc01f188423ea7e0f,true,"आतिफ शेख हा विद्यार्थी लिहिताना अडखळतो वाचण्याचा प्रयत्न करतो"
696ddc8e7c028268c457d8a1,2026-02-12,2026-02-13T09:10:58.544Z,697b1e2cc01f188423ea7e15,true,"मुलांना समुद्र हा शब्द दिला तर समुद्राशी संबंधित अनेक शब्द ते सांगतात"
696ddc8e7c028268c457d8a1,2026-02-12,2026-02-13T09:10:58.544Z,697b1e2cc01f188423ea7e17,true,"तलहा बागवान हा विद्यार्थी सतत दुसऱ्यांच्या खोड्या काढत असतो त्याविषयी चर्चा सहकारी शिक्षकांशी केली"
696de1e7c6f1e96897241a2a,2026-02-12,2026-02-13T10:48:31.972Z,697b1e2cc01f188423ea7e13,true,"विज्ञानाच्या तासाला Activity प्रत्येक विद्यार्थ्यांने त्यांनी तयार केलेल्या लॅमिनेटेड पेपरवर केली .. विद्यार्थी  उत्साहाने सहभागी झाले ."
696de1e7c6f1e96897241a2a,2026-02-12,2026-02-13T10:48:31.972Z,697b1e2cc01f188423ea7e1a,true,"विद्यार्थ्यांनी स्वतः गणिते तयार केली .एकमेकांना त्यासाठी सहकार्य केले ."
696de1e7c6f1e96897241a2a,2026-02-12,2026-02-13T10:48:31.972Z,697b1e2cc01f188423ea7e17,true,"विज्ञानातील नावड घालविण्यासाठी विद्यार्थ्यांचा कृतीयुक्त सहभाग प्रत्येक तासिकेला करून घेण्याचा आपण प्रयत्न करायला पाहिजे.विज्ञान अधिक सोपं कसं करता येईल याचा विचार आपल्याकडून व्हायला हवा ."
6971fb855dab9a102eb2b271,2026-02-12,2026-02-13T10:59:33.421Z,697b1e2cc01f188423ea7e11,false,"B.ed practice lesson"
6971fb855dab9a102eb2b271,2026-02-12,2026-02-13T10:59:33.421Z,697b1e2cc01f188423ea7e13,false,"On half day leave"
6971fb855dab9a102eb2b271,2026-02-12,2026-02-13T10:59:33.421Z,697b1e2cc01f188423ea7e15,false,"On half day leave"
6971b04c02a5477746026007,2026-02-12,2026-02-13T12:16:44.452Z,697b1e2cc01f188423ea7e10,false,"शेकडेवारीच्या बाबतीत खूपच खालच्या स्तरावर जाऊन शिकवावे लागत आहे."
69720006ab8e501024773922,2026-02-12,2026-02-13T12:28:28.347Z,697b1e2cc01f188423ea7e15,true,"Lesson summary explained by student"
69720006ab8e501024773922,2026-02-12,2026-02-13T12:28:28.347Z,697b1e2cc01f188423ea7e10,true,"Reading activity साठी जोडीदारासोबत काम करू  दिले."
6971b05d02a5477746026095,2026-02-12,2026-02-13T13:15:50.781Z,697b1e2cc01f188423ea7e0f,false,"एका विद्यार्थ्याचे निरिक्षण शक्य झाले नाही."
697210c6ab8e50102477b348,2026-02-12,2026-02-13T14:22:27.511Z,697b1e2cc01f188423ea7e15,true,"पर्यटन म्हणजे काय ते सांगून धार्मिक आणि ऐतिहासिक पर्यटन स्थळांची नावे आणि ती स्थळे कशासाठी प्रसिद्ध आहेत हे  विद्यार्थ्यांनी स्वतः गुगल वरून शोधून काढली आणि वर्गात चर्चा केली."
697210c6ab8e50102477b348,2026-02-12,2026-02-13T14:22:27.511Z,697b1e2cc01f188423ea7e17,true,"इयत्ता पाचवी ते दहावीच्या विद्यार्थ्यांसाठी पर्यटनाच्या माध्यमातून इयत्ता नुसार विविध ठिकाणांचे क्षेत्रभेटीचे नियोजन केले"
697210c6ab8e50102477b348,2026-02-12,2026-02-13T14:22:27.511Z,697b1e2cc01f188423ea7e19,true,"पर्यटनाची गुगल वरून काढलेली माहिती आणि केलेली क्षेत्रभेट यामुळे पर्यटन हा धडा समजून घेण्यासाठी मदत झाली"
69708fd34f32384a3ca50f55,2026-02-12,2026-02-13T14:51:12.163Z,697b1e2cc01f188423ea7e1a,true,"Adhya पेपर युनिट टेस्ट टू चे पेपर दाखवताना आद्याने इंटीजर्सची बेरीज वजाबाकी अचूक केल्याबद्दल तिचे कौतुक केले"
69708fd34f32384a3ca50f55,2026-02-12,2026-02-13T14:51:12.163Z,697b1e2cc01f188423ea7e13,true,"घटक चाचणी 2 चे पेपर दाखवल्यानंतर मुलांना त्यांच्याच झालेल्या चुका लिहायला सांगितल्या व त्याचे कलेक्शन करून काही कॉमन मिस्टेक आहेत का त्याबद्दल अधिक विचार केला"
69708fd34f32384a3ca50f55,2026-02-12,2026-02-13T14:51:12.163Z,697b1e2cc01f188423ea7e0f,true,"वर्गात सतत अस्वस्थ राहणाऱ्या विद्यार्थ्यांचे निरीक्षण करून कारणाच्या शोध घेण्याचा प्रयत्न केला त्याच्याशी संवाद केला"
69724cdb5dab9a102eb56a2a,2026-02-12,2026-02-13T14:57:35.805Z,697b1e2cc01f188423ea7e1a,true,"विदयार्थी लक्षपूर्वक ऐकत आहेत. दिलेला अभ्यास पूर्ण करताना दिसत आहेत."
69724cdb5dab9a102eb56a2a,2026-02-12,2026-02-13T14:57:35.805Z,697b1e2cc01f188423ea7e12,true,"विदयार्थी अवांतर वाचन करत आहेत त्यामुळे विचारलेल्या प्रश्नाचे उत्तर योग्य देण्याचा प्रयत्न करत आहेत."
69724cdb5dab9a102eb56a2a,2026-02-12,2026-02-13T14:57:35.805Z,697b1e2cc01f188423ea7e19,true,"चार्टचा वापर, पेशवे वंशावळ चार्ट व नकाशा यामुळे आज शिकवलेला घटक लगेच समजला."
696ddce5c6f1e9689723f17f,2026-02-12,2026-02-13T16:55:56.285Z,697b1e2cc01f188423ea7e12,true,"पाठातील जोडशब्द का लिहायचे असा प्रश्न विचारल्यावर विद्यार्थ्यानी वेगवेगळी उत्तरे दिली."
696de1e7c6f1e96897241a2a,2026-02-13,2026-02-14T10:15:26.946Z,697b1e2cc01f188423ea7e13,true,"विद्यार्थ्यांसाठी एका chapter वर practice test घेतली .  विद्यार्थ्यनि फळ्यावर सर्व गणिते सोडवली . त्या कालावधीत विद्यार्थ्यांच्या शंकांचे निरसन केले . नियोजन केले असते तर practice paper ची print देता आली असती ."
696de1e7c6f1e96897241a2a,2026-02-13,2026-02-14T10:15:26.946Z,697b1e2cc01f188423ea7e1a,true,"विद्यार्थ्यांनी शंका विचारल्या . मित्रमैत्रिणींची मदत घेवून गणिते सोडवली . बक्षिस दिले ."
696de1e7c6f1e96897241a2a,2026-02-13,2026-02-14T10:15:26.946Z,697b1e2cc01f188423ea7e17,true,"विद्यार्थ्यांचे गट करून प्रत्येक गटाला एक विद्यार्थी  गणित प्रमुख म्हणून नेमला आहे . पण वेळ  , विद्यार्थी संख्या , अभ्यासक्रम, बोर्ड परीक्षा  यमुळे  नियोजन कसे करावे ? याबाबत चर्चा केली ."
6971a5ff02a5477746023303,2026-02-13,2026-02-14T13:09:51.344Z,697b1e2cc01f188423ea7e0f,true,"To my surprise my most quiet student I observed, he enjoys company of his benchmate very much. He listens all her talks. She is talkative but he listens her and smile and respond to her. He never gets bored of her. He is her great partner, helper, secret keeper."
697210c6ab8e50102477b348,2026-02-13,2026-02-14T15:13:00.471Z,697b1e2cc01f188423ea7e15,true,"विद्यार्थ्यांनी पर्यटन करणाऱ्या वर्तमानपत्रातील कंपन्यांची नावे शोधली आणि पर्यटनाच्या बद्दल जाहिरात तयार करून तिचे सादरीकरण केले"
697210c6ab8e50102477b348,2026-02-13,2026-02-14T15:13:00.471Z,697b1e2cc01f188423ea7e17,true,"शिक्षक आणि विद्यार्थी यांना  किंबहुना प्रत्येक व्यक्तीला रोजच्या कामातून विरंगुळा होण्यासाठी पर्यटन आवश्यक आहे यावर चर्चा केली तसेच पर्यटनासंबंधी दहावी , बारावी नंतरचे,कोर्सेस यावर चर्चा केली"
697210c6ab8e50102477b348,2026-02-13,2026-02-14T15:13:00.471Z,697b1e2cc01f188423ea7e19,true,"भारतातील पर्यटन विकासाचे महत्त्व विविध मुद्द्यांच्या सहाय्याने आणि प्रश्नोत्तराच्या , चर्चेच्या माध्यमातून अनेक उदाहरणे स्वतः  विद्यार्थ्यांनी दिल्यामुळे हा धडा समजण्यास मदत झाली"
6971fb855dab9a102eb2b271,2026-02-13,2026-02-14T15:19:55.943Z,697b1e2cc01f188423ea7e11,false,"Open day"
6971fb855dab9a102eb2b271,2026-02-13,2026-02-14T15:19:55.943Z,697b1e2cc01f188423ea7e13,false,"Open day"
6971fb855dab9a102eb2b271,2026-02-13,2026-02-14T15:19:55.943Z,697b1e2cc01f188423ea7e15,false,"Open day"
6972379bab8e501024793a54,2026-02-13,2026-02-14T16:28:29.420Z,697b1e2cc01f188423ea7e11,true,"कोण कसे? हा पाठ शिकवताना दररोजच्या वापरातील वस्तूंचा वापर करून लांब, रुंद, जड, हलके इ. संकल्पना स्पष्ट केल्या."
6972379bab8e501024793a54,2026-02-13,2026-02-14T16:28:29.420Z,697b1e2cc01f188423ea7e1a,true,"मराठी विषयाचे गटकार्य करताना विद्यार्थ्यांनी खूप चांगल्या पद्धतीने कार्य केले. याविषयी त्यांचे कौतुक केले."
69724cdb5dab9a102eb56a2a,2026-02-13,2026-02-14T16:29:41.900Z,697b1e2cc01f188423ea7e0f,true,"आज विदयार्थी  शांतपणे ऐकत होता, फळ्याकडे त्याचे लक्ष होती पण तो स्वतःमध्ये मग्न होता. जेव्हा प्रश्न विचारला गेला, त्याने प्रश्नाचे उत्तर सांगण्याचा प्रयत्न केला, प्रश्नाचे उत्तर शोधण्याचा प्रयत्न केला."
69724cdb5dab9a102eb56a2a,2026-02-13,2026-02-14T16:29:41.900Z,697b1e2cc01f188423ea7e1a,true,"दिलेला घटक विद्यार्थी आदल्या दिवशी वाचून येत असल्यामुळे विद्यार्थ्यांना तो घटक लवकर समजत आहे. प्रश्नोत्तरे देत आहेत."
69724cdb5dab9a102eb56a2a,2026-02-13,2026-02-14T16:29:41.900Z,697b1e2cc01f188423ea7e12,true,"पाठादरम्यान विद्यार्थ्यांना प्रश्न विचारल्यास विद्यार्थी प्रश्नाचे उत्तर योग्य शब्दात देत आहेत. प्रश्नाचा अर्थ समजून घेऊन उत्तरे देत आहेत.."
69724cdb5dab9a102eb56a2a,2026-02-13,2026-02-14T16:29:41.900Z,697b1e2cc01f188423ea7e19,true,"चित्र व चित्राचे स्पष्टीकरण, इतर ज्यादा माहिती दिल्यामुळे तसेच आधीच पाठाचे वाचन केल्यामुळे पाठ समजला."
6971fe145dab9a102eb2bfa5,2026-02-13,2026-02-14T17:14:21.478Z,697b1e2cc01f188423ea7e0f,true,"आज वर्गात विहंग चे निरीक्षण केले. तो वर्गात स्थिर बसला नाही तसेच मी तोंडी अभ्यास घेतलेला लक्षपूर्वक ऐकला नाही, तरीही त्याला आज मी विचारलेल्या प्रश्नांची चॅन उत्तरे देता आली."
6971fe145dab9a102eb2bfa5,2026-02-13,2026-02-14T17:14:21.478Z,697b1e2cc01f188423ea7e13,true,"आज मी जो तोंडी अभ्यास घेतला तो वर्गातील बहुतांश मुलांना समजला त्यांनी त्याच्या प्रश्नांची उत्तरेही दिली."
6971fe145dab9a102eb2bfa5,2026-02-13,2026-02-14T17:14:21.478Z,697b1e2cc01f188423ea7e17,true,"आज इतर कोणती वेगळी ऍक्टिव्हिटी घेता येईल याविषयी चर्चा केली."
6971fe145dab9a102eb2bfa5,2026-02-13,2026-02-14T17:14:21.478Z,697b1e2cc01f188423ea7e1a,true,"वर्गातील सर्व मुलांची तोंडी अभ्यासाची ऍक्टिव्हिटी घेतली व त्यांनी त्यास उत्तम प्रतिसाद दिला."
6971b1ed02a5477746026b83,2026-02-13,2026-02-14T18:16:25.855Z,697b1e2cc01f188423ea7e13,true,"मुलांना एका ग्लासात पाणी घेऊन त्यामध्ये साखर व मीठ टाकले नंतर बारीक खडा टाकला यामधून काय विरघळते ते पाहण्यास सांगितले. मुलाने उत्तर दिले साखर व मीठ विरघळते."
6971b1ed02a5477746026b83,2026-02-13,2026-02-14T18:16:25.855Z,697b1e2cc01f188423ea7e18,true,"आज एका मुलाने खूप छान प्रश्नांची उत्तरे दिली या मुलाचे कौतुक पालकांना सांगितले."
6971b1ed02a5477746026b83,2026-02-13,2026-02-14T18:16:25.855Z,697b1e2cc01f188423ea7e11,true,"मुलांना अंक मोजण्यासाठी घरातील वस्तू मोजण्यास सांगितले उदाहरणार्थ घरातील बटाटे, कांदे, चॉकलेट्स त्यामुळे मुलांना अंक मोजणे लवकर समजले."
6971a68f02a5477746023591,2026-02-15,2026-02-16T03:01:20.080Z,697b1e2cc01f188423ea7e11,true,"I have selected one interesting topic of children's choice. Composition - My Favourite Cartoon Character  Children was so excited to give answers about their favourite cartoon Doraemon.  Related to it asked few GK questions and I was surprised they were knowing all the answers."
6971a68f02a5477746023591,2026-02-15,2026-02-16T03:01:20.080Z,697b1e2cc01f188423ea7e17,true,"Discussed about various science experiments and how to prepare children for explanation."
6971a5ff02a5477746023303,2026-02-15,2026-02-16T06:10:14.305Z,697b1e2cc01f188423ea7e10,true,"Today I told my class to work in group of 4 to complete EVS class assignment.  They divided their work among themselves and completed the given assignment."
6971d643ab8e50102475e619,2026-02-15,2026-02-16T06:42:40.095Z,697b1e2cc01f188423ea7e10,true,"Allows to practice clock reading with partner."
697248935dab9a102eb547de,2026-02-15,2026-02-16T06:50:40.242Z,697b1e2cc01f188423ea7e11,true,"Students already known the stories of akbar-birbal.. gives this example instead of book story brahmadatta."
696ddcab7c028268c457d9a6,2026-02-15,2026-02-16T09:29:22.039Z,697b1e2cc01f188423ea7e10,true,"श्रुतिका पोळ या विद्यार्थिनीला स्वतः सोडवलेला उदाहरणातील चूक सोडवण्यासाठी जास्त वेळ दिला तिला चूक सापडली आणि तिने उदाहरण बरोबर सोडवले."
6971fd77ab8e501024772b23,2026-02-15,2026-02-16T10:00:27.340Z,697b1e2cc01f188423ea7e0f,true,"तो शांत बसतो  पण सगळं छान ऐकतो  पण पुढे येऊन जास्त बोलत नाही."
6971fd77ab8e501024772b23,2026-02-15,2026-02-16T10:00:27.340Z,697b1e2cc01f188423ea7e13,true,"आज त्यानी पुढे येऊन छान गाणं म्हटलं."
6971fd77ab8e501024772b23,2026-02-15,2026-02-16T10:00:27.340Z,697b1e2cc01f188423ea7e1a,true,"तो इतके दिवस पुढे येऊन बोलत न्हवता  पण हल्ली तो छान बोलतो पुढे येऊन आणि पाठांतर पण छान करतो"
6971fe145dab9a102eb2bfa5,2026-02-15,2026-02-16T12:29:58.224Z,697b1e2cc01f188423ea7e0f,true,"आज वर्गात अद्वैत  छान स्थिर बसून परिपाठ व्यवस्थित ऐकून म्हणत होता."
6971fe145dab9a102eb2bfa5,2026-02-15,2026-02-16T12:29:58.224Z,697b1e2cc01f188423ea7e13,true,"आज वर्गात गाणी , गोष्ट व परिपाठ छान पद्धतीने घेतला व मुलांनी ते सर्व लक्षपूर्वक ऐकले व म्हणले याचे समाधान वाटले."
6971fe145dab9a102eb2bfa5,2026-02-15,2026-02-16T12:29:58.224Z,697b1e2cc01f188423ea7e17,false,"आज संवाद साधू शकले नाही."
6971fe145dab9a102eb2bfa5,2026-02-15,2026-02-16T12:29:58.224Z,697b1e2cc01f188423ea7e18,false,"पालकांशी आज बोलू शकले नाही."
6971fe145dab9a102eb2bfa5,2026-02-15,2026-02-16T12:29:58.224Z,697b1e2cc01f188423ea7e1a,true,"अद्वैत कधी कधी खूप गडबड करतो  ऍक्टिव्हिटी करण्याची किव्वा कधी कधी आजच्या सारखे छान म्हणतो."
6971af4a02a5477746025bd6,2026-02-15,2026-02-16T13:04:31.216Z,697b1e2cc01f188423ea7e0f,true,"मी रोज मिस्त्री चे निरीक्षण करते. आता ती रडत नाही"
6971af4a02a5477746025bd6,2026-02-15,2026-02-16T13:04:31.216Z,697b1e2cc01f188423ea7e14,true,"तिला तिच्या मैत्रिणी चे उदाहरण दिले त्यामुळे ती शिवजयंतीच्या कार्यक्रमात सहभागी झाली."
696ddc927c028268c457d8b1,2026-02-15,2026-02-16T13:05:00.771Z,697b1e2cc01f188423ea7e19,true,"मुलांनी या प्रश्नाची खूप छान उत्तरे दिली. उद्या. आधी सांगितलेल्या गोष्टीची मदत झाली, विविध घटनांची मदत झाली, इत्यादी."
6971a77c2edad4557d61a602,2026-02-15,2026-02-16T13:56:19.232Z,697b1e2cc01f188423ea7e17,true,"वर्गातील लेखी कामानंतर सामूहिक प्रश्नोत्तरे वाचन घेतल्याने सर्व मुलामुलींचा सहभाग घेता आला.ही बाब मैत्रिणींना सांगितली ."
6971a77c2edad4557d61a602,2026-02-15,2026-02-16T13:56:19.232Z,697b1e2cc01f188423ea7e19,true,"मूकवाचन,स्वानुभव ,सोपी उदाहरणे यांमुळे कविता समजावून घेणे सोपे झाले असे नववीच्या मुलांनी सांगितले ."
6971a77c2edad4557d61a602,2026-02-15,2026-02-16T13:56:19.232Z,697b1e2cc01f188423ea7e1a,true,"आधीच्या पाठाची written activity राहिली आहे हे माझ्या नववीच्या स्रग्वीने आवर्जून सांगितले .तिचे समाधान केले."
696ddce5c6f1e9689723f17f,2026-02-15,2026-02-16T14:36:15.734Z,697b1e2cc01f188423ea7e15,true,"एका शब्दा वरुन वेगवेगळे शब्द तयार करणे ."
6971b05d02a5477746026095,2026-02-15,2026-02-16T14:43:21.032Z,697b1e2cc01f188423ea7e0f,false,"शक्य झाले नाही."
6971b05d02a5477746026095,2026-02-15,2026-02-16T14:43:21.032Z,697b1e2cc01f188423ea7e10,false,"विशेष बदल करता येऊ शकला नाही."
6972379bab8e501024793a54,2026-02-15,2026-02-16T14:57:36.267Z,697b1e2cc01f188423ea7e11,true,"Measurement of Capacity हा पाठ शिकवताना द्रव पदार्थांचे प्रत्यक्ष आकारमान कसे मोजले जाते याची प्रात्यक्षिकासह उदाहरणे दिली. रोजच्या वापरातील तेल, दूध, पाणी यांचे मोजमाप याविषयी माहिती दिली."
6972379bab8e501024793a54,2026-02-15,2026-02-16T14:57:36.267Z,697b1e2cc01f188423ea7e12,true,"Measurement of capacity हा पाठ शिकवताना मापनामध्ये विविध परिमाणे का वापरतो? असा प्रश्न विचारला असता विद्यार्थ्यांनी स्पष्टीकरणासह उत्तर दिले. तसेच 'लांबी, वस्तुमान व द्रव पदार्थांचे आकारमान मोजण्यासाठीची परिमाणे' यांतील फरक सांगितला."
6972379bab8e501024793a54,2026-02-15,2026-02-16T14:57:36.267Z,697b1e2cc01f188423ea7e1a,true,"मराठीतील 'कोण कसे?' हा पाठ शिकवताना विद्यार्थ्यांनी विविध वस्तूंच्या आधारे वर, खाली, जवळ, दूर, आत  व बाहेर असणाऱ्या गोष्टींची योग्य ओळख करून दिली. याविषयी विद्यार्थ्यांची कौतुक केले."
696de1e7c6f1e96897241a2a,2026-02-15,2026-02-16T16:14:45.260Z,697b1e2cc01f188423ea7e13,true,"सर्वच विद्यार्थ्यांच्या अभ्यासात , गणिते सोडवण्यातील चुका पहाता आल्या नाहीत ."
696de1e7c6f1e96897241a2a,2026-02-15,2026-02-16T16:14:45.260Z,697b1e2cc01f188423ea7e1a,true,"विद्यार्थी त्यांच्या प्रगतीसाठी सराव ' प्रयत्न करत आहेत . ही कौतुकास्पद बाब आहे ."
696de1e7c6f1e96897241a2a,2026-02-15,2026-02-16T16:14:45.260Z,697b1e2cc01f188423ea7e17,true,"नियमित अभ्यास न करणाऱ्या विद्यार्थ्याने आज माझा तास नसूनही कालची सर्व गणिते सोडवली असे येवून सांगितले ."
69724cdb5dab9a102eb56a2a,2026-02-15,2026-02-16T16:25:30.169Z,697b1e2cc01f188423ea7e0f,true,"विदयार्थी शिक्षक काय सांगत आहेत? काय माहिती देत आहेत? त्याकडे लक्ष देत होता. विचारलेल्या प्रश्नांची उत्तरे त्यां विद्यार्थ्याने  लगेच शोधून सांगितली."
69724cdb5dab9a102eb56a2a,2026-02-15,2026-02-16T16:25:30.169Z,697b1e2cc01f188423ea7e1a,true,"विद्यार्थी लेखनात खाडाखोड न करता सुवाच्च लेखन  करण्याचा प्रयत्न करत आहे तसेच  शिक्षक काय सांगत आहेत?त्याकडे लक्ष देत आहेत."
69724cdb5dab9a102eb56a2a,2026-02-15,2026-02-16T16:25:30.169Z,697b1e2cc01f188423ea7e12,true,"विद्यार्थी शिकवताना लक्ष देत आहेत व विचारलेल्या प्रश्नाला अनुसरून उत्तरे देत आहेत. बुद्धीला चालना देऊन उत्तरे देत आहेत.."
69724cdb5dab9a102eb56a2a,2026-02-15,2026-02-16T16:25:30.169Z,697b1e2cc01f188423ea7e19,true,"दिलेली आकृती तसेच चार्टवाचन यामुळे आजचा घटक विद्यार्थ्यांना समजला."
6971fb745dab9a102eb2b1ad,2026-02-15,2026-02-16T16:45:31.948Z,697b1e2cc01f188423ea7e15,true,"I asked few questions related to lesson from English.and two students explained it in their word"
69708fd34f32384a3ca50f55,2026-02-15,2026-02-16T17:02:39.684Z,697b1e2cc01f188423ea7e1a,false,"शिक्षकांना मदत करणाऱ्या स्वतःहून मदत करणाऱ्या विद्यार्थ्यांचे कौतुक"
69708fd34f32384a3ca50f55,2026-02-15,2026-02-16T17:02:39.684Z,697b1e2cc01f188423ea7e13,false,"चिन्हांकित संख्यांच्या वजाबाकी मध्ये विद्यार्थ्यांच्या होणाऱ्या चुकांबरोबर चिंतन केले"
697210c6ab8e50102477b348,2026-02-15,2026-02-16T17:17:08.600Z,697b1e2cc01f188423ea7e15,true,"आपल्या  जिल्ह्यातील कोण कोणती पर्यटन स्थळे  कशा प्रकारे विकसित करता येतील यावर विद्यार्थ्यांनी उदाहरणे देऊन स्वतःच्या शब्दात आपली मते व्यक्त केली"
697210c6ab8e50102477b348,2026-02-15,2026-02-16T17:17:08.600Z,697b1e2cc01f188423ea7e17,true,"पर्यटनासंबंधी 'अतिथी देवो भव ' ही भूमिका कितपत योग्य आहे या विषयावर सहकाऱ्यांशी चर्चा केली"
697210c6ab8e50102477b348,2026-02-15,2026-02-16T17:17:08.600Z,697b1e2cc01f188423ea7e19,true,"वाहतुकीचे मार्ग आणि पर्यटन स्थळाचा विकास यांचा सहसंबंध विद्यार्थ्यांनी चर्चा पद्धतीने , गटकार्याने सादरीकरण करून उदाहरणांच्या साहाय्याने स्वतःच्या शब्दात स्पष्ट केला"
6971b08d02a5477746026172,2026-02-16,2026-02-17T08:50:53.518Z,697b1e2cc01f188423ea7e17,true,"आज इयत्ता आठवीच्या वर्गात टायटॅनिक ची गोष्ट सांगताना काही मुलींच्या डोळ्यात पाणी आले होते."
6971b08d02a5477746026172,2026-02-16,2026-02-17T08:50:53.518Z,697b1e2cc01f188423ea7e1a,false,"आपली मत ठामपणे मांडत आहेत."
6971b08d02a5477746026172,2026-02-16,2026-02-17T08:50:53.518Z,697b1e2cc01f188423ea7e19,true,"स्पष्टीकरण व विविध उदाहरणे"
6971e5305dab9a102eb1f2c8,2026-02-16,2026-02-17T09:08:23.447Z,697b1e2cc01f188423ea7e0f,true,"कोणताही प्रश्न विचारला तरी हा विद्यार्थी हात वर करत असतो."
6971e5305dab9a102eb1f2c8,2026-02-16,2026-02-17T09:08:23.447Z,697b1e2cc01f188423ea7e11,true,"दसरा सण साजरा करण्याची पद्धत"
6971e5305dab9a102eb1f2c8,2026-02-16,2026-02-17T09:08:23.447Z,697b1e2cc01f188423ea7e15,true,"शिवकाळातील सामाजिक चालीरीती विषयी माहिती"
6971af4a02a5477746025bd6,2026-02-16,2026-02-17T11:25:48.796Z,697b1e2cc01f188423ea7e18,true,"आज तिच्या बाबांना तिला उद्या शिवजयंतीच्या कार्यक्रमासाठी तयार करायला सांगितले."
6971a77c2edad4557d61a602,2026-02-16,2026-02-17T11:26:13.026Z,697b1e2cc01f188423ea7e17,true,"9वीतील स्वकेंद्री आणि उस्फूर्तपणे न बोलणा-या मुलामुलींसंदर्भात सहकारी मैत्रिणींशी चर्चा केली."
6971a77c2edad4557d61a602,2026-02-16,2026-02-17T11:26:13.026Z,697b1e2cc01f188423ea7e19,true,"संस्कृत अव्यये आणि विभक्ती हा पाठ्यांश मराठी नियम ,विभक्ती रुपे आणि उदाहरणांमुळे समजला असे विद्यार्थ्यांनी साःगितले."
6971a77c2edad4557d61a602,2026-02-16,2026-02-17T11:26:13.026Z,697b1e2cc01f188423ea7e1a,true,"9वी poem appreciation लिहीताना rhyme scheme संदर्भात एका मुलाने शंका विचारली.वर्गातील सर्वांना स्वअभ्यासाने उत्तर शोधण्यास सांगितले ."
696de1e7c6f1e96897241a2a,2026-02-16,2026-02-17T11:28:15.814Z,697b1e2cc01f188423ea7e13,true,"आज शिकवलेल्या भागावर विद्यार्थ्यांना अधिक संदर्भ देण्यासाठी प्रोजेक्टर चा वापर करता आला असता ."
696de1e7c6f1e96897241a2a,2026-02-16,2026-02-17T11:28:15.814Z,697b1e2cc01f188423ea7e1a,true,"विद्यार्थ्यांनी शिकविलेल्या भागावर concep map तयार केले . याबाबत कौतुक केले ."
696de1e7c6f1e96897241a2a,2026-02-16,2026-02-17T11:28:15.814Z,697b1e2cc01f188423ea7e17,true,"विद्यार्थी स्वकेंद्रित वाटतात . भावनेचा ओलावा कमी आहे असे वाटते . याबाबत काय करावे ? अशी चर्चा केली ."
696ddf1bc6f1e968972403d7,2026-02-16,2026-02-17T15:15:09.868Z,697b1e2cc01f188423ea7e17,true,"आज विज्ञान दिनाच्या प्रोजेक्ट बद्दलची कल्पना एकमेकांना दिली"
696ddf1bc6f1e968972403d7,2026-02-16,2026-02-17T15:15:09.868Z,697b1e2cc01f188423ea7e1a,true,"आज मुलांना मैदानावर मातीचा ढीग करून त्यातून वाटी बनवणे हा उपक्रम घेत असताना प्रत्येक विद्यार्थ्याने ती खूप सुंदर बनवली"
6972379bab8e501024793a54,2026-02-16,2026-02-17T16:46:15.527Z,697b1e2cc01f188423ea7e11,true,"विद्यार्थ्यांना patterns  शिकवताना विविध  कपड्यावरील डिझाईन,तोरण, पाने, फुले अशा विविध patterns ची विद्यार्थ्यांना उदाहरणासह माहिती दिली."
6972379bab8e501024793a54,2026-02-16,2026-02-17T16:46:15.527Z,697b1e2cc01f188423ea7e1a,true,"विद्यार्थ्यांनी स्वतःची कल्पनाशक्ती वापरून नवनवीन पॅटर्न तयार करून दाखवले म्हणून त्यांचे कौतुक केले."
697210c6ab8e50102477b348,2026-02-16,2026-02-17T17:05:11.512Z,697b1e2cc01f188423ea7e15,true,"नागरीकरण ,वाहतूक ,संदेशवहन ,पर्यटन या सर्व घटकांचे विद्यार्थ्यांनी स्वतःच्या शब्दात माहिती देऊन उदाहरणांच्या साहाय्याने स्पष्ट करून सांगितले."
697210c6ab8e50102477b348,2026-02-16,2026-02-17T17:05:11.512Z,697b1e2cc01f188423ea7e17,true,"नागरीकरण, वाहतूक, संदेशवहन, पर्यटन या घटकांचे पारंपारिक प्रगती आणि आजच्या विसाव्या शतकातील झालेली प्रगती तसेच भारत महासत्ता होण्याच्या दृष्टीने उचलत असलेली पाऊले याबाबत सहकाऱ्यांशी चर्चा केली."
697210c6ab8e50102477b348,2026-02-16,2026-02-17T17:05:11.512Z,697b1e2cc01f188423ea7e19,true,"वरील सर्व घटकांचा विद्यार्थ्यांना प्रश्नोत्तर पद्धती ,नोट्स, मुद्दे काढणे ,चर्चात्मक पद्धती ,गटकार्य ,सादरीकरण ,गुगल, ए आयच्या द्वारे माहिती संपादन करणे, क्षेत्रभेटीद्वारे प्रत्यक्ष अनुभवातून, कृती, प्रकल्प, उपक्रम ,या सर्व पद्धतींचा  उपयोग केल्यामुळे धडे समजावून घेताना मदत झाली."
69724cdb5dab9a102eb56a2a,2026-02-16,2026-02-17T17:44:07.501Z,697b1e2cc01f188423ea7e0f,true,"विद्यार्थी शिकवलेला घटक लक्षपूर्वक ऐकत होता. मधूनच इकडे तिकडे पाहत होता. जेव्हा प्रश्नाचे उत्तर द्यायला सांगितले तेव्हा पुस्तकांमध्ये प्रश्नाचे उत्तर शोधण्याचा प्रयत्न केला."
69724cdb5dab9a102eb56a2a,2026-02-16,2026-02-17T17:44:07.501Z,697b1e2cc01f188423ea7e1a,true,"विद्यार्थी दिलेला घटक घरून वाचून येत आहेत, त्याचबरोबर विषयाचे स्वाध्याय प्रकल्प वेळेत पूर्ण करत आहेत"
69724cdb5dab9a102eb56a2a,2026-02-16,2026-02-17T17:44:07.501Z,697b1e2cc01f188423ea7e12,true,"जेव्हा विद्यार्थ्यांना प्रश्न विचारला गेला तेव्हा आधीच्या घटकाचा संदर्भ घेऊन विद्यार्थी उत्तर देत आहेत हे जाणवले. प्रश्नाचा नेमका अर्थ काय हे जाणून घेऊन उत्तर देण्याचा प्रयत्न  केला."
69724cdb5dab9a102eb56a2a,2026-02-16,2026-02-17T17:44:07.501Z,697b1e2cc01f188423ea7e19,true,"आजचा घटक समजून घेण्यासाठी प्रश्नावली, वंशावळ  चार्ट यांमुळे मदत झाली."
696ddc8e7c028268c457d8a1,2026-02-17,2026-02-18T06:29:03.467Z,697b1e2cc01f188423ea7e0f,true,"विराज साळुंखे हा विद्यार्थी मित्रांसोबत अभ्यास करायला आवडते"
696ddc8e7c028268c457d8a1,2026-02-17,2026-02-18T06:29:03.467Z,697b1e2cc01f188423ea7e15,true,"वर्गामध्ये कविता शिकविल्या नंतर प्रचेतन गोडबोले  या विद्यार्थ्याने कवितेचा अर्थ सर्व विद्यार्थ्यांना समजावून सांगितला"
696ddc8e7c028268c457d8a1,2026-02-17,2026-02-18T06:29:03.467Z,697b1e2cc01f188423ea7e17,true,"सतत गप्पा मारणारा विद्यार्थी अभ्यास करायला लागला या विषयावर शिक्षकांशी चर्चा केली"
6971d68b5dab9a102eb17bb7,2026-02-17,2026-02-18T06:58:09.373Z,697b1e2cc01f188423ea7e17,true,"आज एका विद्यार्थ्याचा गणवेश परिपूर्ण नव्हता...बटणे नसून जागोजागी पिना वापरल्या होत्या..काका ,काकूंकडे राहणाऱ्या या मुलांमध्ये कसे परिवर्तन करता येईल अशी समस्येवर चर्चा केली.."
6971d643ab8e50102475e619,2026-02-17,2026-02-18T06:59:32.128Z,697b1e2cc01f188423ea7e17,true,"Today children were trying to play musical instruments. Some were  unable to play due to lack of muscle growth."
697248935dab9a102eb547de,2026-02-17,2026-02-18T07:56:41.379Z,697b1e2cc01f188423ea7e0f,true,"One child who speaks less.. today he participated in class discussion and gives answers of questions but softly."
6971b1ed02a5477746026b83,2026-02-17,2026-02-18T08:18:47.831Z,697b1e2cc01f188423ea7e0f,true,"आज धारा सुतार या नावाची मुलगी खूप खुश होती कारण ती रोज शाळेला येताना खूप आढेवेढे घेत असत परंतु आज  शिवजयंती विशेष डान्स ची प्रॅक्टिस घेणार होतो त्यामुळे ती आज खूप आनंदात होती कारण तिचा आवडीचा हा विषय असावा."
6971b1ed02a5477746026b83,2026-02-17,2026-02-18T08:18:47.831Z,697b1e2cc01f188423ea7e13,true,"मुलांनी आज इंग्लिश विषयातील स्मॉल लेटर लिहून त्यासमोर त्या लेटर चे चित्र काढले होते. मुलांना त्या लेटर ची माहिती समजल्यामुळे ओळखल्यामुळे ते चित्र काढू शकले."
6971b1ed02a5477746026b83,2026-02-17,2026-02-18T08:18:47.831Z,697b1e2cc01f188423ea7e18,true,"अंश विटे या नावाच्या मुलाने आज गृहपाठ केला  नव्हता त्याला विचारले गृहपाठ का नाही केला तर त्यांनी सांगितले माझ्याकडे वही नाही जेव्हा मी पालकांशी संवाद साधला त्यावेळेस खरे कारण समजले त्या मुलाने मुद्दाम गृहपाठाची वही आणली नव्हती. हे पालकांनी सांगितल्यावर समजले."
6971b1ed02a5477746026b83,2026-02-17,2026-02-18T08:18:47.831Z,697b1e2cc01f188423ea7e11,true,"I am a teapot ही पोएम शिकवताना मुलांना खरोखर चे चहाचे भांडे आणून दाखवले व त्यामध्ये पाणी ओतून चहा कसा ओतला जातो हे सांगितले."
6971e5305dab9a102eb1f2c8,2026-02-17,2026-02-18T08:42:51.607Z,697b1e2cc01f188423ea7e0f,true,"आज दुसऱ्या बाकावर जाऊन बसला होता."
6971e5305dab9a102eb1f2c8,2026-02-17,2026-02-18T08:42:51.607Z,697b1e2cc01f188423ea7e11,true,"आपल्या घरात वापरण्यात येणारी ऊर्जा साधने"
6971e5305dab9a102eb1f2c8,2026-02-17,2026-02-18T08:42:51.607Z,697b1e2cc01f188423ea7e15,true,"पवन चक्की विषयी माहिती"
6971b08d02a5477746026172,2026-02-17,2026-02-18T09:10:24.741Z,697b1e2cc01f188423ea7e1a,true,"स्वतःहून वेगवेगळ्या कृती करतात."
6971b08d02a5477746026172,2026-02-17,2026-02-18T09:10:24.741Z,697b1e2cc01f188423ea7e19,true,"शिकवण्यापूर्वी धडा वाचल्यामुळे."
6971fd77ab8e501024772b23,2026-02-17,2026-02-18T09:39:48.260Z,697b1e2cc01f188423ea7e0f,true,"शांत बसत नाही. गप्पा जास्त मारतो."
6971fd77ab8e501024772b23,2026-02-17,2026-02-18T09:39:48.260Z,697b1e2cc01f188423ea7e13,true,"आज त्याने लक्ष देऊन ऐकले. माझ्या बरोबर सगळा परिपाठ म्हंटला. हे छान वाटल मला  थोडं त्याला समजावून सांगितलं"
6971fd77ab8e501024772b23,2026-02-17,2026-02-18T09:39:48.260Z,697b1e2cc01f188423ea7e18,true,"त्याला एका जागी बसायची सवय लावायला सांगितली."
6971fd77ab8e501024772b23,2026-02-17,2026-02-18T09:39:48.260Z,697b1e2cc01f188423ea7e1a,false,"पुढे येऊन त्याने गाणं म्हटलं सगळ्या मुलांनी छान टाळ्या वाजवल्या."
6971fe145dab9a102eb2bfa5,2026-02-17,2026-02-18T09:48:47.502Z,697b1e2cc01f188423ea7e0f,true,"आज वर्गात आदित्य मी सांगितलेली गोष्ट लक्षपूर्वक ऐकत होता पण स्थिर बसला नव्हता त्याला मी विचारलेल्या प्रश्नांची उत्तरे देता आली."
6971fe145dab9a102eb2bfa5,2026-02-17,2026-02-18T09:48:47.502Z,697b1e2cc01f188423ea7e13,true,"मी आज शिवाजी महाराजांबद्दल  सांगितले ली माहिती सर्वांना छान समजली  पण मला पूर्ण माहिती सांगायला वेळ कमी पडला"
6971fe145dab9a102eb2bfa5,2026-02-17,2026-02-18T09:48:47.502Z,697b1e2cc01f188423ea7e17,true,"आज वर्गातील एका मुलीने संभाजी महाराज यांचे गाणे छबी म्हणले त्याविषयी सहकाऱ्यांशी चर्चा केली"
6971fe145dab9a102eb2bfa5,2026-02-17,2026-02-18T09:48:47.502Z,697b1e2cc01f188423ea7e18,true,"आज दोन पालकांना त्यांच्या पाल्यांविषयी सांगितले वर्गातील वागणूक व अभ्यास याच्या घरी घेण्यासाठी च्या ऍक्टिव्हिटी सांगितल्या"
6971fe145dab9a102eb2bfa5,2026-02-17,2026-02-18T09:48:47.502Z,697b1e2cc01f188423ea7e1a,true,"पहिल्या सत्रापेक्षा या सत्रात मुले जास्त लक्षपूर्वक अभ्यास व ऍक्टिव्हिटी करत आहेत त्यासाठी त्यांचे कौतुक केले."
696ddc927c028268c457d8b1,2026-02-17,2026-02-18T10:36:16.345Z,697b1e2cc01f188423ea7e12,false,"आज दोन्ही सत्रामध्ये शिवजयंतीचा कार्यक्रम असल्यामुळे मुलांचे तास झाले नाहीत."
69724cdb5dab9a102eb56a2a,2026-02-17,2026-02-18T13:58:44.697Z,697b1e2cc01f188423ea7e0f,true,"विद्यार्थी मागे पुढे मान करत होता, त्या विद्यार्थ्याचे शिकवण्याकडे लक्ष होते. प्रश्न विचारल्यास त्या विद्यार्थ्यांने प्रश्नाचे उत्तर देण्याचा प्रयत्न केला. नंतर पुस्तकात पाहून प्रश्नाचे  उत्तर दिले."
69724cdb5dab9a102eb56a2a,2026-02-17,2026-02-18T13:58:44.697Z,697b1e2cc01f188423ea7e1a,true,"विद्यार्थी शिकवण्याकडे लक्ष देऊ लागलेले आहेत. तसेच विद्यार्थ्यांचे हस्ताक्षर ही सुधारलेले दिसून येते."
69724cdb5dab9a102eb56a2a,2026-02-17,2026-02-18T13:58:44.697Z,697b1e2cc01f188423ea7e12,true,"पाठादरम्यान प्रश्न विचारल्यास विद्यार्थ्यांनी विचार करून, पाठ्यपुस्तकात पाहून प्रश्नाचे उत्तर दिले."
69724cdb5dab9a102eb56a2a,2026-02-17,2026-02-18T13:58:44.697Z,697b1e2cc01f188423ea7e19,true,"वर्गामध्ये लावलेला चार्ट,वंशावळ माहिती तसेच चाट वरून स्पष्टीकरण यामुळे धडा लगेच समजला."
6972379bab8e501024793a54,2026-02-17,2026-02-18T15:59:13.801Z,697b1e2cc01f188423ea7e11,true,"'माझे शब्दभांडार' हा पाठ शिकवताना विद्यार्थ्यांना दैनंदिन व्यवहारातील वस्तूंशी, ठिकाणांशी संबंधित विविध शब्दांची ओळख करुन दिली."
6972379bab8e501024793a54,2026-02-17,2026-02-18T15:59:13.801Z,697b1e2cc01f188423ea7e1a,true,"विद्यार्थ्यांनी दिलेल्या शब्दांशी संबंधित विविध शब्द सांगितले म्हणून त्यांचे कौतुक केले."
6971ff025dab9a102eb2c7ca,2026-02-19,2026-02-20T05:03:02.264Z,697b1e2cc01f188423ea7e12,true,"विद्यार्थ्याला विचारलेल्या प्रश्नांची उत्तरे सांगण्याचा प्रयत्न करतात."
6971ff025dab9a102eb2c7ca,2026-02-19,2026-02-20T05:03:02.264Z,697b1e2cc01f188423ea7e15,true,"विचारलेल्या प्रश्नांची उत्तरे मुले स्वतःच्या शब्दात सांगतात."
6971ff025dab9a102eb2c7ca,2026-02-19,2026-02-20T05:03:02.264Z,697b1e2cc01f188423ea7e17,true,"शिकवताना लक्ष न देणाऱ्या विद्यार्थ्यांच्या अडचणीवर चर्चा केली."
6971b70302a5477746028d63,2026-02-19,2026-02-20T05:17:59.224Z,697b1e2cc01f188423ea7e0f,true,"A student who do not like reading, today he was very active while solving sums. And help his friend in multiplication problem."
6971b70302a5477746028d63,2026-02-19,2026-02-20T05:17:59.224Z,697b1e2cc01f188423ea7e11,true,"I aksed students how do they celebrate Shiv jayanti yesterday. Do they were responsible and sensitive towars society while celebrating it."
697191a02edad4557d6157e2,2026-02-19,2026-02-20T07:33:40.610Z,697b1e2cc01f188423ea7e0f,false,"Little concentration level increase  Confidently tries to answer"
697191a02edad4557d6157e2,2026-02-19,2026-02-20T07:33:40.610Z,697b1e2cc01f188423ea7e10,false,"Special attention required for writing"
697191a02edad4557d6157e2,2026-02-19,2026-02-20T07:33:40.610Z,697b1e2cc01f188423ea7e16,false,"Took flashcards game   Recognise the letter correctly"
697191a02edad4557d6157e2,2026-02-19,2026-02-20T07:33:40.610Z,697b1e2cc01f188423ea7e18,false,"Told parents about    with little guidance  Writing formation correctly  Take practice at home"
6971fd77ab8e501024772b23,2026-02-19,2026-02-20T08:09:15.486Z,697b1e2cc01f188423ea7e0f,true,"त्याला थोडं ओरडल तर तो बोलतो. लक्ष सगळं बडबड करण्याकडे असत"
6971fd77ab8e501024772b23,2026-02-19,2026-02-20T08:09:15.486Z,697b1e2cc01f188423ea7e13,true,"आज तो मी जे विचारलं ते त्यानी छान सांगितले"
6971fd77ab8e501024772b23,2026-02-19,2026-02-20T08:09:15.486Z,697b1e2cc01f188423ea7e18,true,"त्याच्याकडे थोडं लक्ष द्या. खेळातून त्याला शिकवा"
6971fe145dab9a102eb2bfa5,2026-02-19,2026-02-20T08:11:48.770Z,697b1e2cc01f188423ea7e0f,true,"आज वर्गात अवधूत स्थिर बसला नव्हता. प्रार्थना व भजन म्हणत नव्हता व ऐकत ही नव्हता."
6971fe145dab9a102eb2bfa5,2026-02-19,2026-02-20T08:11:48.770Z,697b1e2cc01f188423ea7e13,true,"आज वर्गात दोन व तीन अक्षरी शब्द वाचन घेतले वर्गातील जास्तीत जास्त मुले चॅन शब्द वाचन करत होती हे पाहून समाधान वाटले."
6971fe145dab9a102eb2bfa5,2026-02-19,2026-02-20T08:11:48.770Z,697b1e2cc01f188423ea7e17,true,"आज वर्गात  घोटीव कागदाचे पाकीट बनवण्याची ऍक्टिव्हिटी घेण्याविषयी चर्चा केली."
6971fe145dab9a102eb2bfa5,2026-02-19,2026-02-20T08:11:48.770Z,697b1e2cc01f188423ea7e1a,true,"आज सर्व विद्यार्थ्यांकडून शब्द वाचन  छान करून घेतले. कागदी पाकिटे सर्वांची बनवून घेणे जमले नाही."
6971fe42ab8e501024772ff7,2026-02-19,2026-02-20T09:27:41.325Z,697b1e2cc01f188423ea7e0f,true,"विद्यार्थी शांतपणे ऐकतो व नंतर प्रतिसाद देतो."
6971fe42ab8e501024772ff7,2026-02-19,2026-02-20T09:27:41.325Z,697b1e2cc01f188423ea7e1a,true,"विद्यार्थी चांगल्या प्रकारे अभ्यास केला तर छान मार्कस पडतील..."
6971fe42ab8e501024772ff7,2026-02-19,2026-02-20T09:27:41.325Z,697b1e2cc01f188423ea7e19,true,"विद्यार्थी अगोदर विषय वाचून येतात..त्यामुळे मदत झाली."
6971fe42ab8e501024772ff7,2026-02-19,2026-02-20T09:27:41.325Z,697b1e2cc01f188423ea7e13,true,"विद्यार्थ्यांना छान गोष्ट सांगितली म्हणून ते शिकताना ते उत्सुक असतात..."
69724cdb5dab9a102eb56a2a,2026-02-19,2026-02-20T09:32:40.835Z,697b1e2cc01f188423ea7e0f,true,"आज विद्यार्थिनी मैत्रिणी शेजारी बसल्यामुळे मध्येच गप्पा मारत होती.  शिक्षक जे सांगत आहेत ऐकत होती. जेव्हा विद्यार्थिनीला प्रश्न विचारला गेला,तिने पुस्तकात शोधून उत्तर दिले."
69724cdb5dab9a102eb56a2a,2026-02-19,2026-02-20T09:32:40.835Z,697b1e2cc01f188423ea7e1a,true,"विद्यार्थी शिकवलेला घटक वाचत आहेत त्याचबरोबर झालेले पाठ यांची प्रश्न उत्तरे पूर्ण करत आहेत."
69724cdb5dab9a102eb56a2a,2026-02-19,2026-02-20T09:32:40.835Z,697b1e2cc01f188423ea7e12,true,"पाठादरम्यान घटकावर आधारित प्रश्न विचारला गेला तेव्हा विद्यार्थ्याने विचार केला व प्रश्नाचे उत्तर देण्याचा प्रयत्न केला."
69724cdb5dab9a102eb56a2a,2026-02-19,2026-02-20T09:32:40.835Z,697b1e2cc01f188423ea7e19,true,"चार्टचा वापर व त्या घटकावरील स्पष्टीकरण यामुळे आजचा धडा समजण्यास मदत झाली."
6971f59b5dab9a102eb28083,2026-02-19,2026-02-20T09:36:04.959Z,697b1e2cc01f188423ea7e13,true,"विद्यार्थ्यांना घटक व्यवस्थित समजला."
6971f59b5dab9a102eb28083,2026-02-19,2026-02-20T09:36:04.959Z,697b1e2cc01f188423ea7e17,true,"सांकेतिक खुणा चिन्हे याविषयी चर्चा केली."
6971f59b5dab9a102eb28083,2026-02-19,2026-02-20T09:36:04.959Z,697b1e2cc01f188423ea7e19,true,"सांकेतिक चिन्हे खुणा यांच्या आकृती काढायला आवडले."
6971ec745dab9a102eb23576,2026-02-19,2026-02-20T09:53:56.455Z,697b1e2cc01f188423ea7e0f,true,"विद्यार्थी नजर चुकवतो. लक्ष दिले तर लिहितो."
6971ec745dab9a102eb23576,2026-02-19,2026-02-20T09:53:56.455Z,697b1e2cc01f188423ea7e17,true,"विद्यार्थाचे कौतुक केल्यास अक्षर लेखन सुधारणा होते."
6971ec745dab9a102eb23576,2026-02-19,2026-02-20T09:53:56.455Z,697b1e2cc01f188423ea7e1a,true,"कौतुक केल्यास चेहऱ्यावर आनंद दिसतो."
697236de5dab9a102eb4b9a4,2026-02-19,2026-02-20T10:57:25.168Z,697b1e2cc01f188423ea7e19,true,"चित्रांमुळे"
697236de5dab9a102eb4b9a4,2026-02-19,2026-02-20T10:57:25.168Z,697b1e2cc01f188423ea7e0f,true,"आधी पेक्षा संचलता कमी झालेली आहे"
697236de5dab9a102eb4b9a4,2026-02-19,2026-02-20T10:57:25.168Z,697b1e2cc01f188423ea7e10,true,"विद्यार्थ्यास समजण्यास सोपे झाले"
6971a77c2edad4557d61a602,2026-02-19,2026-02-20T15:25:41.249Z,697b1e2cc01f188423ea7e17,true,"10वी मराठी पेपर व पर्यवेक्षणासंदर्भात चर्चा केली."
6971a77c2edad4557d61a602,2026-02-19,2026-02-20T15:25:41.249Z,697b1e2cc01f188423ea7e19,false,"10वी oral exam गुणनोंदणी काम असल्याने वर्गआध्यापन झाले नाही."
6971a77c2edad4557d61a602,2026-02-19,2026-02-20T15:25:41.249Z,697b1e2cc01f188423ea7e1a,false,"वर्गअध्यापन  झाले नाही."
6972379bab8e501024793a54,2026-02-19,2026-02-20T16:47:59.895Z,697b1e2cc01f188423ea7e11,true,"विद्यार्थ्यांना The Seasons हा पाठ शिकवताना बदलत्या ऋतुनुसार राहणीमानात होणाऱ्या बदलांची ओळख करुन दिली."
6972379bab8e501024793a54,2026-02-19,2026-02-20T16:47:59.895Z,697b1e2cc01f188423ea7e1a,true,"विद्यार्थ्यांनी विविध ऋतूंशी संबंधित त्यांची निरीक्षणे नोंदवली म्हणून त्यांचे कौतुक केले."
696de1e7c6f1e96897241a2a,2026-02-19,2026-02-20T17:41:06.870Z,697b1e2cc01f188423ea7e13,true,"विद्यार्थ्यांना कृतीत गुंतवून ठेवणे थोडे कठीण गेले ."
696de1e7c6f1e96897241a2a,2026-02-19,2026-02-20T17:41:06.870Z,697b1e2cc01f188423ea7e17,true,"विद्यार्थ्यांची चंचलता खूप वाढत आहे . याची कारणे आणि उपाय यावर चर्चा"
697ae9896864ae3d4877bd71,2026-02-19,2026-02-20T17:41:36.031Z,697b1e2cc01f188423ea7e0f,true,"Noticed"
6971af932edad4557d61c628,2026-02-19,2026-02-20T17:54:07.416Z,697b1e2cc01f188423ea7e17,true,"माझ्या वर्गातील श्लोक याच्या वागण्यातीलगण्यातील फरक मी माझ्या सहकाऱ्यांना सांगितलं व त्यांचा  मते ऐकून घेतले"
6971af932edad4557d61c628,2026-02-19,2026-02-20T17:54:07.416Z,697b1e2cc01f188423ea7e15,true,"आज जनरल नॉलेज या विषयाची गटागटामध्ये  उजळणी घेतली यामध्ये त्याचा सहभाग चांगला होता"
6971ff025dab9a102eb2c7ca,2026-02-20,2026-02-21T02:23:41.670Z,697b1e2cc01f188423ea7e12,true,"मुलांनी स्वमत स्पष्ट केले."
6971ff025dab9a102eb2c7ca,2026-02-20,2026-02-21T02:23:41.670Z,697b1e2cc01f188423ea7e15,true,"स्वतः च्या शब्दात उत्तर देतात."
6971ff025dab9a102eb2c7ca,2026-02-20,2026-02-21T02:23:41.670Z,697b1e2cc01f188423ea7e17,true,"वाचनाचा खूप कंटाळा करतात यावर चर्चा केली."
697236de5dab9a102eb4b9a4,2026-02-20,2026-02-21T04:21:21.498Z,697b1e2cc01f188423ea7e19,true,"धडाशी सुसंगत  माहीत असलेले काही अनुभव पुढे येऊन सांगण्यास विद्यार्थ्याला प्रोत्साहित केले"
697236de5dab9a102eb4b9a4,2026-02-20,2026-02-21T04:21:21.498Z,697b1e2cc01f188423ea7e0f,true,"समजून घेण्याची विद्यार्थ्यांची क्षमता अधिक वाढली आहे"
697236de5dab9a102eb4b9a4,2026-02-20,2026-02-21T04:21:21.498Z,697b1e2cc01f188423ea7e10,true,"सोपी उदाहरणे दिल्याने त्याला पटकन समजले"
696ddc8e7c028268c457d8a1,2026-02-20,2026-02-21T05:23:32.222Z,697b1e2cc01f188423ea7e0f,true,"सार्थक निंबाळकर हा विद्यार्थी सतत वर्गामध्ये इकडे तिकडे फिरत असतो बसत नाही"
696ddc8e7c028268c457d8a1,2026-02-20,2026-02-21T05:23:32.222Z,697b1e2cc01f188423ea7e15,true,"शाळेचे वर्णन स्वतःच्या भाषेत मुले करतात"
696ddc8e7c028268c457d8a1,2026-02-20,2026-02-21T05:23:32.222Z,697b1e2cc01f188423ea7e17,true,"वर्गामध्ये अबोल असणारी पूर्वी आता बोलायला लागली याच्या विषयी शिक्षकांची चर्चा केली"
6971b70302a5477746028d63,2026-02-20,2026-02-21T06:47:08.973Z,697b1e2cc01f188423ea7e0f,true,"Enjoy games and activity periods rather than class learning"
6971b70302a5477746028d63,2026-02-20,2026-02-21T06:47:08.973Z,697b1e2cc01f188423ea7e10,true,"Today without my instructions I let children free on the ground."
6971b70302a5477746028d63,2026-02-20,2026-02-21T06:47:08.973Z,697b1e2cc01f188423ea7e11,true,"Played a game which is famous on social media"
696de1e7c6f1e96897241a2a,2026-02-20,2026-02-21T09:38:05.213Z,697b1e2cc01f188423ea7e13,true,"किचकट गणिते सोडवत असताना  कृतीयुक्त  सहभागा , Activity sheet यांचे नियोजन करणे आवश्यक होते . ."
696de1e7c6f1e96897241a2a,2026-02-20,2026-02-21T09:38:05.213Z,697b1e2cc01f188423ea7e17,true,"विद्यार्थ्यांनाअवघड वाटणाऱ्या संकल्पना कोणत्या आहेत ?गणित सोपं करून कसं सांगता येईल ?अशा गणित विषयाच्या बाबतीत येणाऱ्या विविध समस्यांचे निराकरण करण्यासाठी शाळेतून निश्चित वेळ नियोजित केल्यास याबाबत ठोस काम करता येईल ."
696de1e7c6f1e96897241a2a,2026-02-20,2026-02-21T09:38:05.213Z,697b1e2cc01f188423ea7e1a,true,"गणित सोडवल्यानंतर एका विद्यार्थ्यांच्या लक्षात आले की पुस्तकात छापलेली संख्या ही चुकीची आहे . पण त्यावरून त्यांनी योग्य संख्याही शोधून काढली ."
6971a5ff02a5477746023303,2026-02-20,2026-02-21T12:03:55.721Z,697b1e2cc01f188423ea7e10,true,"Today after lunch period I allowed them to sleep for 15 to 20 min. After sleep all were looking fresh and happy."
696ddce5c6f1e9689723f17f,2026-02-20,2026-02-21T12:28:49.525Z,697b1e2cc01f188423ea7e12,true,"पाठा दरम्यान आलेल्या प्रश्नांची विद्यार्थ्यांच्या मतानुसार प्रश्नावली तयार केली ."
6971b1ed02a5477746026b83,2026-02-20,2026-02-21T12:29:24.701Z,697b1e2cc01f188423ea7e13,true,"मुलांना लहान-मोठे आकार समजण्यासाठी छोट्या मोठ्या लावण्या सांगितले सर्व मुलांनी आकाराप्रमाणे लावले. शेवटी मुलांचे निरीक्षण केले असता असे दिसले काहींनी त्या मोजण्यासाठी वापरल्या. काही मुलांनी लहान-मोठे आकार एकावर एक ठेवून मनोरे उभा केले ."
6971b1ed02a5477746026b83,2026-02-20,2026-02-21T12:29:24.701Z,697b1e2cc01f188423ea7e18,true,"आज रेवती नावाच्या मुलीने ज्या मुलांना वाचण्यास येत नाही त्या मुलांना जवळ जाऊन ते वाचून दाखवले व हे तिचे कौतुक पालकांना  सांगितले व त्यांचेही कौतुक केले."
6971b1ed02a5477746026b83,2026-02-20,2026-02-21T12:29:24.701Z,697b1e2cc01f188423ea7e11,true,"इंग्लिश वाचन करताना प्रत्येक लेटर चे साऊंड असतात उदा:A सेज अँ हे समजून सांगण्यासाठी टाळ्यांचा आवाज चिमण्यांचा आवाज रडण्याचा आवाज असे विविध आवाज काढून दाखवले."
69724cdb5dab9a102eb56a2a,2026-02-20,2026-02-21T13:26:09.951Z,697b1e2cc01f188423ea7e0f,true,"आज विद्यार्थी फळा व मागचा मित्र ही दिसेल अशा पद्धतीने बसलेला होता. मधूनच मित्राशी बोलत होता. जेव्हा त्या विद्यार्थ्याला प्रश्न विचारला गेला, लगेच त्याने पुस्तकात पाहिले, पुस्तकातील पाठ वाचण्याचा प्रयत्न केला."
69724cdb5dab9a102eb56a2a,2026-02-20,2026-02-21T13:26:09.951Z,697b1e2cc01f188423ea7e1a,true,"वर्गातील काही विद्यार्थी दिलेला घटक वाचून येत आहेत व प्रश्न उत्तरे पाठ करत आहेत हे जाणवले."
69724cdb5dab9a102eb56a2a,2026-02-20,2026-02-21T13:26:09.951Z,697b1e2cc01f188423ea7e12,true,"पाटा दरम्यान प्रश्न विचारला गेला तेव्हा काही विद्यार्थ्यांनी प्रश्नाला अनुसरून उत्तरे देण्याचा प्रयत्न केला."
69724cdb5dab9a102eb56a2a,2026-02-20,2026-02-21T13:26:09.951Z,697b1e2cc01f188423ea7e19,true,"घटक शिकवत असताना संकल्पना चित्र काढलेले होते व स्पष्टीकरण दिल्यामुळे आजचा घटक समजण्यास मदत झाली."
6971a5e202a54777460232a6,2026-02-22,2026-02-23T06:30:36.411Z,697b1e2cc01f188423ea7e11,true,"For explanation of fraction used exapmle of chapati and bhakri."
697248935dab9a102eb547de,2026-02-22,2026-02-23T06:32:39.577Z,697b1e2cc01f188423ea7e11,true,"To teach calendar give their owns birth year example."
6971fd77ab8e501024772b23,2026-02-22,2026-02-23T09:21:25.432Z,697b1e2cc01f188423ea7e0f,true,"वर्गात छान बसते. मी जे शिकवते सगळं ऐकते आणि म्हणते."
6971fd77ab8e501024772b23,2026-02-22,2026-02-23T09:21:25.432Z,697b1e2cc01f188423ea7e18,true,"ती खुप छान अभ्यास करते हे सांगितलं. आणि अजून तिच्याकडून खेळातून करून घ्या असे संगितले."
6971fd77ab8e501024772b23,2026-02-22,2026-02-23T09:21:25.432Z,697b1e2cc01f188423ea7e1a,true,"मी सांगितलेलं कोणतीही कृती ती फार छान करते."
6971af932edad4557d61c628,2026-02-22,2026-02-23T09:47:06.228Z,697b1e2cc01f188423ea7e10,false,"आज छोटा बदल केला त्याला माझ्यासोबत बसून अभ्यास करायला सांगितला तर त्यांनी छान केला थोडंसं लक्ष द्यावे लागेल"
696ddc8e7c028268c457d8a1,2026-02-22,2026-02-23T10:32:52.187Z,697b1e2cc01f188423ea7e0f,true,"अनन्या अवघडे ही विद्यार्थिनी शिकवत असताना मैत्रिणीशी गप्पा मारते"
696ddc8e7c028268c457d8a1,2026-02-22,2026-02-23T10:32:52.187Z,697b1e2cc01f188423ea7e15,true,"समुद्रात असणारे सजीव व गोड्या पाण्यात असणारे सजीव यांची नावे अचूक सांगतात"
696ddc8e7c028268c457d8a1,2026-02-22,2026-02-23T10:32:52.187Z,697b1e2cc01f188423ea7e17,true,"वर्गातील चार-पाच विद्यार्थी सतत एकत्र येऊन दंगामस्ती करत असतात"
6971ff025dab9a102eb2c7ca,2026-02-22,2026-02-23T10:34:38.621Z,697b1e2cc01f188423ea7e12,false,"प्रीतम विषय माहिती सांगतो"
6971ff025dab9a102eb2c7ca,2026-02-22,2026-02-23T10:34:38.621Z,697b1e2cc01f188423ea7e15,false,"प्रीतम विषय स्वमत व्यक्त करतो."
6971ff025dab9a102eb2c7ca,2026-02-22,2026-02-23T10:34:38.621Z,697b1e2cc01f188423ea7e17,false,"प्रीतम पाठाविषय  चर्चा केली."
6971f59b5dab9a102eb28083,2026-02-22,2026-02-23T11:18:10.817Z,697b1e2cc01f188423ea7e13,false,"विद्यार्थ्यांना लेखनाच्या बाबतीत व्याकरणातील दुरुस्त्या सांगितल्या   मार्गदर्शन केले."
6971f59b5dab9a102eb28083,2026-02-22,2026-02-23T11:18:10.817Z,697b1e2cc01f188423ea7e17,false,"वर्गातील एका विद्यार्थ्यांची निवड देव माणूस या टीव्ही सिरीयल मध्ये झालेली आहे   ही गोष्ट सर्व सहकारी आणि विद्यार्थ्यांना सांगितली."
6971f59b5dab9a102eb28083,2026-02-22,2026-02-23T11:18:10.817Z,697b1e2cc01f188423ea7e19,false,"समजून घेण्यासाठी विद्यार्थ्यांना चित्राचा उपयोग चांगल्या प्रकारे झाला."
6971af8d02a5477746025c49,2026-02-22,2026-02-23T11:22:24.539Z,697b1e2cc01f188423ea7e14,true,"फैजान बोलत नव्हता तसेच पाटीवर लिहित नव्हता, मग त्याला शेजारी बसून मी जसे लिहिते तसे लिहायला सांगितले. शारिरीक हालचाली करून त्याला बोलायला सांगितले."
696ddcab7c028268c457d9a6,2026-02-22,2026-02-23T12:11:42.360Z,697b1e2cc01f188423ea7e0f,true,"सारंग राजपुरे या विद्यार्थ्याचे निरीक्षण केले"
696ddcab7c028268c457d9a6,2026-02-22,2026-02-23T12:11:42.360Z,697b1e2cc01f188423ea7e10,true,"अक्षर लेखनाच्या बाबतीत सारंग राजपुरे ला वेगळ्या प्रकारे सांगितले"
696ddcab7c028268c457d9a6,2026-02-22,2026-02-23T12:11:42.360Z,697b1e2cc01f188423ea7e11,true,"काटकोन त्रिकोणामध्ये कर्ण समजून सांगण्यासाठी स्वतःच्या घराजवळ पोहोचण्याचे जवळचे अंतर कसे काढता येईल याचा विचार करण्यास सांगितले"
696ddcab7c028268c457d9a6,2026-02-22,2026-02-23T12:11:42.360Z,697b1e2cc01f188423ea7e12,true,"माझे घर हा निबंध लिहून घेतला"
696ddcab7c028268c457d9a6,2026-02-22,2026-02-23T12:11:42.360Z,697b1e2cc01f188423ea7e15,true,"स्वतःच्या शब्दात माझे घर हा निबंध लिहायला सांगितला"
696ddcab7c028268c457d9a6,2026-02-22,2026-02-23T12:11:42.360Z,697b1e2cc01f188423ea7e1a,true,"मुलांनी लिहिलेल्या निबंधाबद्दल कौतुक केले"
6972379bab8e501024793a54,2026-02-22,2026-02-23T16:30:28.265Z,697b1e2cc01f188423ea7e11,true,"चित्राशी संबंधित दैनंदिन जीवनातील विविध उदाहरणे दिली."
6972379bab8e501024793a54,2026-02-22,2026-02-23T16:30:28.265Z,697b1e2cc01f188423ea7e12,true,"दिलेल्या चित्राविषयी माहिती सांगताना विद्यार्थ्यांनी स्वतःचे मत व कल्पना मांडल्या."
6972379bab8e501024793a54,2026-02-22,2026-02-23T16:30:28.265Z,697b1e2cc01f188423ea7e1a,true,"दिलेल्या चित्राविषयी स्वतःच्या शब्दात माहिती सांगितली म्हणून विद्यार्थ्यांचे कौतुक केले."
6971ec745dab9a102eb23576,2026-02-22,2026-02-23T17:04:51.516Z,697b1e2cc01f188423ea7e1a,true,"मुलांचा उत्साह वाढतोय."
696de1e7c6f1e96897241a2a,2026-02-22,2026-02-23T17:21:14.547Z,697b1e2cc01f188423ea7e17,true,"विद्यार्थी आपआपसात खूप बोलतात . इतर पर्याय शोधणेआवश्यक आहे . विविध कृतींचा समावेश आवश्यक आहे ."
6971a77c2edad4557d61a602,2026-02-22,2026-02-23T17:23:02.016Z,697b1e2cc01f188423ea7e17,true,"8वी स्कॉलरशिप परीक्षेमुळे संबंधित मुलांचे submission चे काम अपूर्ण राहिले आहे.ते पूर्ण करण्यासंबंधी सूचना केली."
6971a77c2edad4557d61a602,2026-02-22,2026-02-23T17:23:02.016Z,697b1e2cc01f188423ea7e19,true,"क्रियापदे आणि विभक्ती हा पाठ्यांश उदाहरणे ,त्यावरुन नियम यांच्यामुळे समजला असे मुलांनी सांगितले ."
6971a77c2edad4557d61a602,2026-02-22,2026-02-23T17:23:02.016Z,697b1e2cc01f188423ea7e1a,true,"स्कॉलरशिपला बसलेल्या काही मुलींनी अपूर्ण लेखन काम लगेच पूर्ण करण्यास घेतले याचे कौतुक वाटले.इतरांनीही त्यांचे अनुकरण करावे असे सांगितले ."
6971ec745dab9a102eb23576,2026-02-23,2026-02-24T06:53:04.771Z,697b1e2cc01f188423ea7e0f,false,"विद्यार्थी सूचनांचे पालन करतो."
6971ec745dab9a102eb23576,2026-02-23,2026-02-24T06:53:04.771Z,697b1e2cc01f188423ea7e17,false,"दररोज होणाऱ्या घटनांची चर्चा करतो."
6971ec745dab9a102eb23576,2026-02-23,2026-02-24T06:53:04.771Z,697b1e2cc01f188423ea7e1a,false,"प्रयोग करण्यासाठी साहित्य आणतात."
6971f59b5dab9a102eb28083,2026-02-23,2026-02-24T07:35:42.860Z,697b1e2cc01f188423ea7e13,false,"शिकवलेला भाग विद्यार्थ्यांना चांगला समजला."
6971f59b5dab9a102eb28083,2026-02-23,2026-02-24T07:35:42.860Z,697b1e2cc01f188423ea7e17,false,"उपक्रमाविषयी सहकाऱ्यांशी चर्चा केली."
6971f59b5dab9a102eb28083,2026-02-23,2026-02-24T07:35:42.860Z,697b1e2cc01f188423ea7e19,false,"उपक्रम करण्याविषयी विद्यार्थ्यांनी सहमती दर्शवली."
6971fb855dab9a102eb2b271,2026-02-23,2026-02-24T07:36:33.518Z,697b1e2cc01f188423ea7e11,false,"Attending vocational education program 9 am to 4pm"
6971fb855dab9a102eb2b271,2026-02-23,2026-02-24T07:36:33.518Z,697b1e2cc01f188423ea7e13,false,"Attending vocational education program 9 am to 4 pm"
6971fb855dab9a102eb2b271,2026-02-23,2026-02-24T07:36:33.518Z,697b1e2cc01f188423ea7e15,false,"Attending vocational education program"
6971fe145dab9a102eb2bfa5,2026-02-23,2026-02-24T08:06:19.493Z,697b1e2cc01f188423ea7e0f,true,"आज वर्गात विराज स्थिर बसला होता आणि मी अक्षर वाचन घेत होते ते लक्षपूर्वक ऐकत होता तसेच दिलेले चित्र लक्षपूर्वक रंगवत होता."
6971fe145dab9a102eb2bfa5,2026-02-23,2026-02-24T08:06:19.493Z,697b1e2cc01f188423ea7e13,true,"आज वर्गात सर्व मुलांकडून चित्र रंगवून घेतले व कागदी पाकिटे बनवून घेतली काही मुलांनी चित्र रंगवायचा कंटाळा केला पण पाकिटे सर्वांनी छान बनवली."
6971fe145dab9a102eb2bfa5,2026-02-23,2026-02-24T08:06:19.493Z,697b1e2cc01f188423ea7e17,false,"आज जमले नाही"
6971fe145dab9a102eb2bfa5,2026-02-23,2026-02-24T08:06:19.493Z,697b1e2cc01f188423ea7e18,false,"आज जमले नाही"
6971fe145dab9a102eb2bfa5,2026-02-23,2026-02-24T08:06:19.493Z,697b1e2cc01f188423ea7e1a,true,"आज सर्व मुलांनी छान ऍक्टिव्हिटी केली म्हणून सर्वांना स्टार दिला."
6971fd77ab8e501024772b23,2026-02-23,2026-02-24T09:42:10.277Z,697b1e2cc01f188423ea7e0f,true,"शांत असतो  आपण जे सांगतो ते म्हणतो  पण खेळाकडे जास्त लक्ष असत."
6971fd77ab8e501024772b23,2026-02-23,2026-02-24T09:42:10.277Z,697b1e2cc01f188423ea7e17,true,"तो अभ्यास करत नाही जास्त  त्याला सारखं कर अस म्हणव लागत हे बाकीच्या शिक्षकांना सांगितले. खेळातून त्याला शिकवायला हवे असा निष्कर्ष निघाला."
6971fd77ab8e501024772b23,2026-02-23,2026-02-24T09:42:10.277Z,697b1e2cc01f188423ea7e18,true,"पालकांना ही तेच सांगितल त्याला खेळण्यातून शिकवा."
697236de5dab9a102eb4b9a4,2026-02-23,2026-02-24T10:08:48.568Z,697b1e2cc01f188423ea7e19,true,"चित्रांमुळे"
697236de5dab9a102eb4b9a4,2026-02-23,2026-02-24T10:08:48.568Z,697b1e2cc01f188423ea7e0f,true,"आधीपेक्षा अधिक समज आली आहे"
697236de5dab9a102eb4b9a4,2026-02-23,2026-02-24T10:08:48.568Z,697b1e2cc01f188423ea7e10,true,"सामुदायिकपणे काम करण्यात अधिक आनंद होतो"
